run_id,linha,sentido,shape_id,n_buses,n_vehicles,n_trips,n_input_points,angular_samples,meters,max_meters,increase_meters,n_route_points,route_length_km,reached_end,closed_loop,stop_reason,completed,coverage_pct,mean_gps_dist_m,p95_gps_dist_m,mae_shape_m,turns_per_km,runtime_s,route_file
8d2474e193e1,020,circular,4091,2,2,2,10378,90,5.000000,250.000000,1.100000,13600,43.114811,0,1,loop_fechado,1,96.193872,9.300055,11.452207,4.365802,1359.154405,1.391373,/Users/pedrorebollo/projetos/traje_disc/experimento_v4/outputs/routes/route_8d2474e193e1.csv
de8662a367d2,020,circular,4091,2,2,2,10378,90,5.000000,250.000000,1.250000,19068,43.884981,0,1,loop_fechado,1,97.793409,7.929533,8.288135,4.586842,2168.838486,1.910151,/Users/pedrorebollo/projetos/traje_disc/experimento_v4/outputs/routes/route_de8662a367d2.csv
9fc9fc10f3ac,020,circular,4091,2,2,2,10378,90,5.000000,250.000000,1.500000,19792,43.819595,0,1,loop_fechado,1,97.427250,8.291619,7.941410,4.631153,2258.576930,2.044482,/Users/pedrorebollo/projetos/traje_disc/experimento_v4/outputs/routes/route_9fc9fc10f3ac.csv
8f3d550d2d33,020,circular,4091,2,2,2,10378,90,5.000000,250.000000,2.000000,2884,41.475438,0,1,loop_fechado,1,87.020621,13.169558,33.272038,5.531309,267.015364,0.367721,/Users/pedrorebollo/projetos/traje_disc/experimento_v4/outputs/routes/route_8f3d550d2d33.csv
805df810339d,020,circular,4091,2,2,2,10378,180,5.000000,250.000000,1.100000,13536,43.150600,0,1,loop_fechado,1,96.251686,9.257994,11.724112,4.387735,1355.491273,2.771376,/Users/pedrorebollo/projetos/traje_disc/experimento_v4/outputs/routes/route_805df810339d.csv
361fd80c7137,020,circular,4091,2,2,2,10378,180,5.000000,250.000000,1.250000,18864,43.816468,0,1,loop_fechado,1,97.677780,7.933383,8.173392,4.580068,2113.571615,3.654126,/Users/pedrorebollo/projetos/traje_disc/experimento_v4/outputs/routes/route_361fd80c7137.csv
aa06ad46b196,020,circular,4091,2,2,2,10378,180,5.000000,250.000000,1.500000,19864,43.871389,0,1,loop_fechado,1,97.446521,8.247159,7.829569,4.634622,2240.572284,3.926066,/Users/pedrorebollo/projetos/traje_disc/experimento_v4/outputs/routes/route_aa06ad46b196.csv
680053a0b186,020,circular,4091,2,2,2,10378,180,5.000000,250.000000,2.000000,2636,41.331090,0,1,loop_fechado,1,86.933899,13.639781,37.960426,5.740709,257.354194,0.622635,/Users/pedrorebollo/projetos/traje_disc/experimento_v4/outputs/routes/route_680053a0b186.csv
3c70bed3c37d,020,circular,4091,2,2,2,10378,360,5.000000,250.000000,1.100000,13492,43.070361,0,1,loop_fechado,1,96.087878,9.329231,11.960631,4.344225,1314.823402,5.218939,/Users/pedrorebollo/projetos/traje_disc/experimento_v4/outputs/routes/route_3c70bed3c37d.csv
e5066782cd26,020,circular,4091,2,2,2,10378,360,5.000000,250.000000,1.250000,18980,43.798628,0,1,loop_fechado,1,97.552515,7.952101,8.472716,4.586405,2122.888384,7.202374,/Users/pedrorebollo/projetos/traje_disc/experimento_v4/outputs/routes/route_e5066782cd26.csv
64017c22655b,020,circular,4091,2,2,2,10378,360,5.000000,250.000000,1.500000,19908,43.839592,0,1,loop_fechado,1,97.446521,8.261765,7.750851,4.626754,2234.301547,7.652989,/Users/pedrorebollo/projetos/traje_disc/experimento_v4/outputs/routes/route_64017c22655b.csv
d1d938f1fd99,020,circular,4091,2,2,2,10378,360,5.000000,250.000000,2.000000,2864,41.295897,0,1,loop_fechado,1,86.375024,13.551715,37.102066,5.426384,248.123928,1.347182,/Users/pedrorebollo/projetos/traje_disc/experimento_v4/outputs/routes/route_d1d938f1fd99.csv
999e9f2b4d7c,020,circular,4091,2,2,2,10378,90,10.000000,250.000000,1.100000,10824,43.102383,0,1,loop_fechado,1,97.022548,8.637614,9.859628,4.856182,912.389283,1.172745,/Users/pedrorebollo/projetos/traje_disc/experimento_v4/outputs/routes/route_999e9f2b4d7c.csv
1aed6a04835f,020,circular,4091,2,2,2,10378,90,10.000000,250.000000,1.250000,13116,43.384819,0,1,loop_fechado,1,97.600694,8.069974,8.592176,4.606485,1157.282669,1.439419,/Users/pedrorebollo/projetos/traje_disc/experimento_v4/outputs/routes/route_1aed6a04835f.csv
efef13d79b41,020,circular,4091,2,2,2,10378,90,10.000000,250.000000,1.500000,13684,43.387170,0,1,loop_fechado,1,97.716323,8.079940,8.173592,4.375583,1244.112673,1.480707,/Users/pedrorebollo/projetos/traje_disc/experimento_v4/outputs/routes/route_efef13d79b41.csv
35aa32e1a7dc,020,circular,4091,2,2,2,10378,90,10.000000,250.000000,2.000000,2696,41.852584,0,1,loop_fechado,1,87.820389,12.293255,30.009737,7.521899,277.913375,0.345753,/Users/pedrorebollo/projetos/traje_disc/experimento_v4/outputs/routes/route_35aa32e1a7dc.csv
712afd81ac32,020,circular,4091,2,2,2,10378,180,10.000000,250.000000,1.100000,10700,43.036743,0,1,loop_fechado,1,96.704567,8.657155,10.036453,4.881642,861.449175,2.257765,/Users/pedrorebollo/projetos/traje_disc/experimento_v4/outputs/routes/route_712afd81ac32.csv
75b9c2d75a62,020,circular,4091,2,2,2,10378,180,10.000000,250.000000,1.250000,13148,43.354242,0,1,loop_fechado,1,97.494700,8.058703,8.484121,4.568722,1135.776489,2.714414,/Users/pedrorebollo/projetos/traje_disc/experimento_v4/outputs/routes/route_75b9c2d75a62.csv
032831e8e1ae,020,circular,4091,2,2,2,10378,180,10.000000,250.000000,1.500000,13568,43.298801,0,1,loop_fechado,1,97.456157,8.190624,8.474565,4.451493,1222.162392,2.815276,/Users/pedrorebollo/projetos/traje_disc/experimento_v4/outputs/routes/route_032831e8e1ae.csv
984ed8aa8cd9,020,circular,4091,2,2,2,10378,180,10.000000,250.000000,2.000000,2724,41.642024,0,1,loop_fechado,1,86.606283,12.747191,33.323892,6.311817,286.621068,0.671399,/Users/pedrorebollo/projetos/traje_disc/experimento_v4/outputs/routes/route_984ed8aa8cd9.csv
5fc9f72cf98a,020,circular,4091,2,2,2,10378,360,10.000000,250.000000,1.100000,10660,43.064253,0,1,loop_fechado,1,96.935826,8.627328,9.955306,4.941941,872.237684,4.371050,/Users/pedrorebollo/projetos/traje_disc/experimento_v4/outputs/routes/route_5fc9f72cf98a.csv
30b857580b03,020,circular,4091,2,2,2,10378,360,10.000000,250.000000,1.250000,13084,43.340577,0,1,loop_fechado,1,97.446521,8.113646,8.731768,4.602944,1124.610400,5.263058,/Users/pedrorebollo/projetos/traje_disc/experimento_v4/outputs/routes/route_30b857580b03.csv
fdc7c07c86ab,020,circular,4091,2,2,2,10378,360,10.000000,250.000000,1.500000,13536,43.287851,0,1,loop_fechado,1,97.456157,8.162055,8.441919,4.399367,1198.105337,5.501251,/Users/pedrorebollo/projetos/traje_disc/experimento_v4/outputs/routes/route_fdc7c07c86ab.csv
4fbc20c30f87,020,circular,4091,2,2,2,10378,360,10.000000,250.000000,2.000000,2628,41.683353,0,1,loop_fechado,1,86.317209,12.804995,32.271588,6.496588,271.724006,1.214786,/Users/pedrorebollo/projetos/traje_disc/experimento_v4/outputs/routes/route_4fbc20c30f87.csv
326db0c14b8e,020,circular,4091,2,2,2,10378,90,20.000000,250.000000,1.100000,7144,42.675907,0,1,loop_fechado,1,96.810561,9.127653,10.576473,4.484854,467.211789,0.805582,/Users/pedrorebollo/projetos/traje_disc/experimento_v4/outputs/routes/route_326db0c14b8e.csv
337e4ce97f77,020,circular,4091,2,2,2,10378,90,20.000000,250.000000,1.250000,7720,42.696955,0,1,loop_fechado,1,96.627481,9.213872,10.442291,4.531091,507.922032,0.859772,/Users/pedrorebollo/projetos/traje_disc/experimento_v4/outputs/routes/route_337e4ce97f77.csv
a91068ecf379,020,circular,4091,2,2,2,10378,90,20.000000,250.000000,1.500000,7912,42.816005,0,1,loop_fechado,1,97.234535,8.915303,9.442930,4.406220,518.166219,0.882533,/Users/pedrorebollo/projetos/traje_disc/experimento_v4/outputs/routes/route_a91068ecf379.csv
2cef99e8e2cf,020,circular,4091,2,2,2,10378,90,20.000000,250.000000,2.000000,2772,41.803433,0,1,loop_fechado,1,86.827905,12.458007,30.196607,7.659487,287.040112,0.340467,/Users/pedrorebollo/projetos/traje_disc/experimento_v4/outputs/routes/route_2cef99e8e2cf.csv
ed47823a114a,020,circular,4091,2,2,2,10378,180,20.000000,250.000000,1.100000,7124,42.590398,0,1,loop_fechado,1,96.116786,9.526228,12.072555,4.501431,469.186829,1.536854,/Users/pedrorebollo/projetos/traje_disc/experimento_v4/outputs/routes/route_ed47823a114a.csv
4ee4ca8b5a55,020,circular,4091,2,2,2,10378,180,20.000000,250.000000,1.250000,7720,42.543643,0,1,loop_fechado,1,96.434766,9.223583,10.607240,4.023416,506.140069,1.645162,/Users/pedrorebollo/projetos/traje_disc/experimento_v4/outputs/routes/route_4ee4ca8b5a55.csv
e39af6e03a2a,020,circular,4091,2,2,2,10378,180,20.000000,250.000000,1.500000,7916,42.960666,0,1,loop_fechado,1,97.195992,8.975737,9.583722,4.502305,522.839510,1.726313,/Users/pedrorebollo/projetos/traje_disc/experimento_v4/outputs/routes/route_e39af6e03a2a.csv
14d237e8fd5e,020,circular,4091,2,2,2,10378,180,20.000000,250.000000,2.000000,2572,41.724464,0,1,loop_fechado,1,86.336481,12.803644,34.314538,7.418359,271.023747,0.606440,/Users/pedrorebollo/projetos/traje_disc/experimento_v4/outputs/routes/route_14d237e8fd5e.csv
9d7c3ed5119e,020,circular,4091,2,2,2,10378,360,20.000000,250.000000,1.100000,7188,42.787073,0,1,loop_fechado,1,96.800925,9.157973,10.488221,4.477656,468.322298,3.019637,/Users/pedrorebollo/projetos/traje_disc/experimento_v4/outputs/routes/route_9d7c3ed5119e.csv
b23eafa3ca54,020,circular,4091,2,2,2,10378,360,20.000000,250.000000,1.250000,7704,42.655380,0,1,loop_fechado,1,96.425130,9.256180,10.903044,4.374006,493.521298,3.230147,/Users/pedrorebollo/projetos/traje_disc/experimento_v4/outputs/routes/route_b23eafa3ca54.csv
410881badda7,020,circular,4091,2,2,2,10378,360,20.000000,250.000000,1.500000,7944,43.044178,0,1,loop_fechado,1,98.034303,8.163766,8.909712,5.018280,554.694417,3.444727,/Users/pedrorebollo/projetos/traje_disc/experimento_v4/outputs/routes/route_410881badda7.csv
17f1e1a1b543,020,circular,4091,2,2,2,10378,360,20.000000,250.000000,2.000000,2892,41.471645,0,1,loop_fechado,1,86.856812,13.345321,37.012300,5.748901,258.712614,1.311317,/Users/pedrorebollo/projetos/traje_disc/experimento_v4/outputs/routes/route_17f1e1a1b543.csv
741687c9606c,020,circular,4091,5,5,5,25732,90,5.000000,250.000000,1.100000,25400,45.039536,0,1,loop_fechado,1,97.960000,23.139108,9.150053,4.959279,3543.337051,3.597291,/Users/pedrorebollo/projetos/traje_disc/experimento_v4/outputs/routes/route_741687c9606c.csv
15eac17503c3,020,circular,4091,5,5,5,25732,90,5.000000,250.000000,1.250000,30104,45.326193,0,1,loop_fechado,1,98.190000,23.012677,8.646937,4.723633,4378.256016,4.127202,/Users/pedrorebollo/projetos/traje_disc/experimento_v4/outputs/routes/route_15eac17503c3.csv
df52c73450a1,020,circular,4091,5,5,5,25732,90,5.000000,250.000000,1.500000,30472,45.326422,0,1,loop_fechado,1,98.040000,23.016955,8.666021,4.678002,4334.283686,4.212331,/Users/pedrorebollo/projetos/traje_disc/experimento_v4/outputs/routes/route_df52c73450a1.csv
1e926c01a3bd,020,circular,4091,5,5,5,25732,90,5.000000,250.000000,2.000000,4928,42.309548,0,1,loop_fechado,1,91.755000,26.620546,21.670392,4.634066,567.379756,0.725378,/Users/pedrorebollo/projetos/traje_disc/experimento_v4/outputs/routes/route_1e926c01a3bd.csv
6eed90df539b,020,circular,4091,5,5,5,25732,180,5.000000,250.000000,1.100000,25572,44.833079,0,1,loop_fechado,1,98.050000,23.128540,8.991704,4.782261,3459.406604,6.778910,/Users/pedrorebollo/projetos/traje_disc/experimento_v4/outputs/routes/route_6eed90df539b.csv
db6cb03f7014,020,circular,4091,5,5,5,25732,180,5.000000,250.000000,1.250000,30012,45.344108,0,1,loop_fechado,1,98.185000,23.010298,8.585908,4.724148,4285.681145,7.876315,/Users/pedrorebollo/projetos/traje_disc/experimento_v4/outputs/routes/route_db6cb03f7014.csv
e65fac3ecd4a,020,circular,4091,5,5,5,25732,180,5.000000,250.000000,1.500000,30560,45.250625,0,1,loop_fechado,1,97.900000,23.057681,8.893361,4.690919,4309.097053,7.855112,/Users/pedrorebollo/projetos/traje_disc/experimento_v4/outputs/routes/route_e65fac3ecd4a.csv
246e89f16b67,020,circular,4091,5,5,5,25732,180,5.000000,250.000000,2.000000,5004,42.320381,0,1,loop_fechado,1,92.815000,26.493704,22.094963,4.464995,525.206912,1.345253,/Users/pedrorebollo/projetos/traje_disc/experimento_v4/outputs/routes/route_246e89f16b67.csv
44858ad74313,020,circular,4091,5,5,5,25732,360,5.000000,250.000000,1.100000,25436,44.996230,0,1,loop_fechado,1,97.800000,23.146737,9.143847,5.005829,3444.890828,12.828673,/Users/pedrorebollo/projetos/traje_disc/experimento_v4/outputs/routes/route_44858ad74313.csv
9777bcde6dc9,020,circular,4091,5,5,5,25732,360,5.000000,250.000000,1.250000,29928,45.299671,0,1,loop_fechado,1,98.180000,23.008772,8.563694,4.685180,4225.131851,14.821501,/Users/pedrorebollo/projetos/traje_disc/experimento_v4/outputs/routes/route_9777bcde6dc9.csv
2f95f39f1f0b,020,circular,4091,5,5,5,25732,360,5.000000,250.000000,1.500000,30480,45.304907,0,1,loop_fechado,1,97.965000,23.051505,8.751546,4.684438,4318.225128,15.153519,/Users/pedrorebollo/projetos/traje_disc/experimento_v4/outputs/routes/route_2f95f39f1f0b.csv
d959fea5b54b,020,circular,4091,5,5,5,25732,360,5.000000,250.000000,2.000000,4560,42.328636,0,1,loop_fechado,1,92.970000,25.615575,20.325035,5.639356,460.569576,2.294412,/Users/pedrorebollo/projetos/traje_disc/experimento_v4/outputs/routes/route_d959fea5b54b.csv
10adc0b53fc3,020,circular,4091,5,5,5,25732,90,10.000000,250.000000,1.100000,15316,43.854102,0,1,loop_fechado,1,97.920000,23.329870,9.265761,4.828319,1571.160036,2.099736,/Users/pedrorebollo/projetos/traje_disc/experimento_v4/outputs/routes/route_10adc0b53fc3.csv
81c9962ab1fb,020,circular,4091,5,5,5,25732,90,10.000000,250.000000,1.250000,16608,44.025083,0,1,loop_fechado,1,98.060000,23.246528,8.844632,4.679995,1792.260283,2.236457,/Users/pedrorebollo/projetos/traje_disc/experimento_v4/outputs/routes/route_81c9962ab1fb.csv
db979ca94ddb,020,circular,4091,5,5,5,25732,90,10.000000,250.000000,1.500000,16672,43.979876,0,1,loop_fechado,1,98.085000,23.222799,8.743138,4.687626,1800.917558,2.240071,/Users/pedrorebollo/projetos/traje_disc/experimento_v4/outputs/routes/route_db979ca94ddb.csv
78406f117ee5,020,circular,4091,5,5,5,25732,90,10.000000,250.000000,2.000000,4760,42.166123,0,1,loop_fechado,1,92.625000,26.252987,20.771568,4.293111,436.240340,0.675283,/Users/pedrorebollo/projetos/traje_disc/experimento_v4/outputs/routes/route_78406f117ee5.csv
a868a73aafff,020,circular,4091,5,5,5,25732,180,10.000000,250.000000,1.100000,15264,44.207989,0,1,loop_fechado,1,97.370000,23.448041,9.527749,4.910998,1609.400962,3.868480,/Users/pedrorebollo/projetos/traje_disc/experimento_v4/outputs/routes/route_a868a73aafff.csv
b16387bb86f0,020,circular,4091,5,5,5,25732,180,10.000000,250.000000,1.250000,16556,44.041418,0,1,loop_fechado,1,98.125000,23.246884,8.832815,4.780726,1773.679938,4.166942,/Users/pedrorebollo/projetos/traje_disc/experimento_v4/outputs/routes/route_b16387bb86f0.csv
dbf39ca1772c,020,circular,4091,5,5,5,25732,180,10.000000,250.000000,1.500000,16712,44.052665,0,1,loop_fechado,1,98.130000,23.213054,8.607880,4.674435,1808.156138,4.200995,/Users/pedrorebollo/projetos/traje_disc/experimento_v4/outputs/routes/route_dbf39ca1772c.csv
e05f53f52e8c,020,circular,4091,5,5,5,25732,180,10.000000,250.000000,2.000000,4356,42.268759,0,1,loop_fechado,1,90.545000,27.260922,30.405950,4.817948,440.152469,1.130927,/Users/pedrorebollo/projetos/traje_disc/experimento_v4/outputs/routes/route_e05f53f52e8c.csv
8a50d9d55afa,020,circular,4091,5,5,5,25732,360,10.000000,250.000000,1.100000,15288,44.100312,0,1,loop_fechado,1,97.295000,23.498557,9.857113,4.894191,1589.021391,7.497103,/Users/pedrorebollo/projetos/traje_disc/experimento_v4/outputs/routes/route_8a50d9d55afa.csv
282b111b0029,020,circular,4091,5,5,5,25732,360,10.000000,250.000000,1.250000,16500,44.063595,0,1,loop_fechado,1,97.905000,23.258526,8.969555,4.909712,1742.649551,8.057505,/Users/pedrorebollo/projetos/traje_disc/experimento_v4/outputs/routes/route_282b111b0029.csv
010d5bfcc33f,020,circular,4091,5,5,5,25732,360,10.000000,250.000000,1.500000,16632,43.999521,0,1,loop_fechado,1,98.055000,23.265801,8.828518,4.691227,1767.157273,8.164469,/Users/pedrorebollo/projetos/traje_disc/experimento_v4/outputs/routes/route_010d5bfcc33f.csv
a5119026ee88,020,circular,4091,5,5,5,25732,360,10.000000,250.000000,2.000000,4596,42.355271,0,1,loop_fechado,1,93.005000,26.260274,19.980314,4.569317,465.057311,2.324654,/Users/pedrorebollo/projetos/traje_disc/experimento_v4/outputs/routes/route_a5119026ee88.csv
93d03bdf08a3,020,circular,4091,5,5,5,25732,90,20.000000,250.000000,1.100000,8460,42.907624,0,1,loop_fechado,1,97.110000,24.273540,10.686128,4.043360,632.059274,1.099189,/Users/pedrorebollo/projetos/traje_disc/experimento_v4/outputs/routes/route_93d03bdf08a3.csv
f8c993d80029,020,circular,4091,5,5,5,25732,90,20.000000,250.000000,1.250000,8660,42.945439,0,1,loop_fechado,1,96.970000,24.402292,10.920848,4.146330,686.410156,1.134651,/Users/pedrorebollo/projetos/traje_disc/experimento_v4/outputs/routes/route_f8c993d80029.csv
5a79d7b675ac,020,circular,4091,5,5,5,25732,90,20.000000,250.000000,1.500000,8720,43.056173,0,1,loop_fechado,1,97.800000,23.590873,9.771388,4.619570,685.305713,1.138260,/Users/pedrorebollo/projetos/traje_disc/experimento_v4/outputs/routes/route_5a79d7b675ac.csv
f659fb9d6e62,020,circular,4091,5,5,5,25732,90,20.000000,250.000000,2.000000,3916,41.972812,0,1,loop_fechado,1,90.410000,27.446581,30.372441,4.655420,355.152298,0.537045,/Users/pedrorebollo/projetos/traje_disc/experimento_v4/outputs/routes/route_f659fb9d6e62.csv
6c0b198f3dee,020,circular,4091,5,5,5,25732,180,20.000000,250.000000,1.100000,8544,43.090884,0,1,loop_fechado,1,97.745000,23.575601,9.997152,4.676795,693.154464,2.088660,/Users/pedrorebollo/projetos/traje_disc/experimento_v4/outputs/routes/route_6c0b198f3dee.csv
be00bb29b2cd,020,circular,4091,5,5,5,25732,180,20.000000,250.000000,1.250000,8704,43.111546,0,1,loop_fechado,1,97.750000,23.637604,10.154517,4.638910,702.218150,2.144406,/Users/pedrorebollo/projetos/traje_disc/experimento_v4/outputs/routes/route_be00bb29b2cd.csv
d185427a7d15,020,circular,4091,5,5,5,25732,180,20.000000,250.000000,1.500000,8684,42.902444,0,1,loop_fechado,1,96.895000,24.389687,10.826451,4.005943,675.008321,2.128724,/Users/pedrorebollo/projetos/traje_disc/experimento_v4/outputs/routes/route_d185427a7d15.csv
0ab806d552fd,020,circular,4091,5,5,5,25732,180,20.000000,250.000000,2.000000,4188,42.106576,0,1,loop_fechado,1,92.050000,26.698452,22.210849,4.589335,392.520700,1.074355,/Users/pedrorebollo/projetos/traje_disc/experimento_v4/outputs/routes/route_0ab806d552fd.csv
fa73075930d1,020,circular,4091,5,5,5,25732,360,20.000000,250.000000,1.100000,8448,42.902033,0,1,loop_fechado,1,96.995000,24.309029,10.920059,4.117854,631.948852,3.981104,/Users/pedrorebollo/projetos/traje_disc/experimento_v4/outputs/routes/route_fa73075930d1.csv
7c9275b5c357,020,circular,4091,5,5,5,25732,360,20.000000,250.000000,1.250000,8704,43.070990,0,1,loop_fechado,1,97.820000,23.561019,9.895511,4.558066,682.685187,4.128365,/Users/pedrorebollo/projetos/traje_disc/experimento_v4/outputs/routes/route_7c9275b5c357.csv
da427c489894,020,circular,4091,5,5,5,25732,360,20.000000,250.000000,1.500000,8680,42.915521,0,1,loop_fechado,1,96.735000,24.490280,11.246775,3.989341,700.944036,4.121363,/Users/pedrorebollo/projetos/traje_disc/experimento_v4/outputs/routes/route_da427c489894.csv
a538f2c7c901,020,circular,4091,5,5,5,25732,360,20.000000,250.000000,2.000000,4512,42.053590,0,1,loop_fechado,1,90.675000,26.964196,26.661826,4.689594,408.120962,2.195319,/Users/pedrorebollo/projetos/traje_disc/experimento_v4/outputs/routes/route_a538f2c7c901.csv
11bab3335cce,021,circular,4153,2,2,2,9960,90,5.000000,250.000000,1.100000,9964,44.161906,0,1,loop_fechado,1,92.489960,27.021311,21.763510,8.018618,1079.086533,1.167241,/Users/pedrorebollo/projetos/traje_disc/experimento_v4/outputs/routes/route_11bab3335cce.csv
bf63c221c7b2,021,circular,4153,2,2,2,9960,90,5.000000,250.000000,1.250000,17180,43.747724,0,1,loop_fechado,1,94.287149,26.532207,20.807569,7.091005,2163.253574,1.877140,/Users/pedrorebollo/projetos/traje_disc/experimento_v4/outputs/routes/route_bf63c221c7b2.csv
4bc4b0dacf24,021,circular,4153,2,2,2,9960,90,5.000000,250.000000,1.500000,18668,43.803314,0,1,loop_fechado,1,95.983936,26.058621,10.697895,6.687181,2369.811179,2.029793,/Users/pedrorebollo/projetos/traje_disc/experimento_v4/outputs/routes/route_4bc4b0dacf24.csv
0f26d3db1c6f,021,circular,4153,2,2,2,9960,90,5.000000,250.000000,2.000000,2436,43.223619,0,0,passos_sem_dados,0,75.160643,34.464284,54.945228,12.197115,558.156797,0.346316,/Users/pedrorebollo/projetos/traje_disc/experimento_v4/outputs/routes/route_0f26d3db1c6f.csv
0539451bcd26,021,circular,4153,2,2,2,9960,180,5.000000,250.000000,1.100000,6824,26.252145,0,0,passos_sem_dados,0,53.363454,1373.003588,5530.162198,5.122169,1369.702458,1.518080,/Users/pedrorebollo/projetos/traje_disc/experimento_v4/outputs/routes/route_0539451bcd26.csv
a23631462e25,021,circular,4153,2,2,2,9960,180,5.000000,250.000000,1.250000,17056,44.037396,0,1,loop_fechado,1,94.909639,26.190707,15.194284,7.123015,2108.346087,3.511586,/Users/pedrorebollo/projetos/traje_disc/experimento_v4/outputs/routes/route_a23631462e25.csv
027a799de68f,021,circular,4153,2,2,2,9960,180,5.000000,250.000000,1.500000,18400,43.751474,0,1,loop_fechado,1,96.255020,25.959292,10.334567,6.606134,2346.143314,3.810463,/Users/pedrorebollo/projetos/traje_disc/experimento_v4/outputs/routes/route_027a799de68f.csv
5e5af035d463,021,circular,4153,2,2,2,9960,180,5.000000,250.000000,2.000000,2600,42.699012,0,1,loop_fechado,1,80.773092,32.817875,53.736114,12.067465,574.763883,0.668362,/Users/pedrorebollo/projetos/traje_disc/experimento_v4/outputs/routes/route_5e5af035d463.csv
7b862f8992b0,021,circular,4153,2,2,2,9960,360,5.000000,250.000000,1.100000,4972,18.974630,0,0,passos_sem_dados,0,39.658635,2045.067157,5870.786851,4.523901,1250.664500,2.054152,/Users/pedrorebollo/projetos/traje_disc/experimento_v4/outputs/routes/route_7b862f8992b0.csv
c55313c7791a,021,circular,4153,2,2,2,9960,360,5.000000,250.000000,1.250000,17080,43.935648,0,1,loop_fechado,1,94.487952,26.571195,18.764183,7.034986,2074.963681,7.017357,/Users/pedrorebollo/projetos/traje_disc/experimento_v4/outputs/routes/route_c55313c7791a.csv
c5760409e8fb,021,circular,4153,2,2,2,9960,360,5.000000,250.000000,1.500000,18508,43.809698,0,1,loop_fechado,1,96.014056,26.037457,10.525101,6.747696,2342.499516,7.527124,/Users/pedrorebollo/projetos/traje_disc/experimento_v4/outputs/routes/route_c5760409e8fb.csv
4d95d5034a6a,021,circular,4153,2,2,2,9960,360,5.000000,250.000000,2.000000,2600,43.085622,0,0,passos_sem_dados,0,78.082329,33.088451,50.525361,12.095039,614.452239,1.307182,/Users/pedrorebollo/projetos/traje_disc/experimento_v4/outputs/routes/route_4d95d5034a6a.csv
5b9be38635de,021,circular,4153,2,2,2,9960,90,10.000000,250.000000,1.100000,8628,42.978082,0,1,loop_fechado,1,93.222892,26.916532,20.683194,7.155163,827.539546,1.059253,/Users/pedrorebollo/projetos/traje_disc/experimento_v4/outputs/routes/route_5b9be38635de.csv
160f69ff21ca,021,circular,4153,2,2,2,9960,90,10.000000,250.000000,1.250000,7028,27.191311,0,0,passos_sem_dados,0,54.297189,1373.803260,5533.465547,5.397577,1335.274022,0.857645,/Users/pedrorebollo/projetos/traje_disc/experimento_v4/outputs/routes/route_160f69ff21ca.csv
44df8c79f0b9,021,circular,4153,2,2,2,9960,90,10.000000,250.000000,1.500000,7536,24.937003,0,0,passos_sem_dados,0,56.355422,1373.115588,5533.460948,4.159941,1525.500849,0.923051,/Users/pedrorebollo/projetos/traje_disc/experimento_v4/outputs/routes/route_44df8c79f0b9.csv
112c6ddacf9a,021,circular,4153,2,2,2,9960,90,10.000000,250.000000,2.000000,2452,42.758331,0,1,loop_fechado,1,76.536145,33.404383,49.301400,12.705164,561.052847,0.351012,/Users/pedrorebollo/projetos/traje_disc/experimento_v4/outputs/routes/route_112c6ddacf9a.csv
5a5191a4baa5,021,circular,4153,2,2,2,9960,180,10.000000,250.000000,1.100000,3864,18.408649,0,0,passos_sem_dados,0,38.985944,2094.732546,5931.867467,4.614347,766.641634,0.916601,/Users/pedrorebollo/projetos/traje_disc/experimento_v4/outputs/routes/route_5a5191a4baa5.csv
817f269962b8,021,circular,4153,2,2,2,9960,180,10.000000,250.000000,1.250000,7120,26.783312,0,0,passos_sem_dados,0,55.140562,1373.961639,5533.455031,4.968762,1297.191631,1.675307,/Users/pedrorebollo/projetos/traje_disc/experimento_v4/outputs/routes/route_817f269962b8.csv
5571a0397477,021,circular,4153,2,2,2,9960,180,10.000000,250.000000,1.500000,7520,25.234924,0,0,passos_sem_dados,0,55.732932,1373.346918,5533.465415,4.349523,1577.944265,1.784423,/Users/pedrorebollo/projetos/traje_disc/experimento_v4/outputs/routes/route_5571a0397477.csv
afbec960f11c,021,circular,4153,2,2,2,9960,180,10.000000,250.000000,2.000000,2428,43.405590,0,1,loop_fechado,1,78.654618,32.516122,42.637375,13.431637,534.840809,0.665490,/Users/pedrorebollo/projetos/traje_disc/experimento_v4/outputs/routes/route_afbec960f11c.csv
917ef498c006,021,circular,4153,2,2,2,9960,360,10.000000,250.000000,1.100000,8608,42.980279,0,1,loop_fechado,1,93.062249,26.907493,21.215793,7.204016,823.322544,3.908808,/Users/pedrorebollo/projetos/traje_disc/experimento_v4/outputs/routes/route_917ef498c006.csv
60e5a2fe695a,021,circular,4153,2,2,2,9960,360,10.000000,250.000000,1.250000,7012,27.028065,0,0,passos_sem_dados,0,54.899598,1373.835553,5533.464743,5.415006,1310.433320,3.218621,/Users/pedrorebollo/projetos/traje_disc/experimento_v4/outputs/routes/route_60e5a2fe695a.csv
d0e3db44e1e3,021,circular,4153,2,2,2,9960,360,10.000000,250.000000,1.500000,7500,25.217497,0,0,passos_sem_dados,0,55.913655,1373.776603,5533.466132,4.355811,1507.202389,3.461643,/Users/pedrorebollo/projetos/traje_disc/experimento_v4/outputs/routes/route_d0e3db44e1e3.csv
ff4c805d479e,021,circular,4153,2,2,2,9960,360,10.000000,250.000000,2.000000,1556,25.119761,0,0,passos_sem_dados,0,41.295181,1392.397402,5533.425973,16.265535,823.721032,0.874012,/Users/pedrorebollo/projetos/traje_disc/experimento_v4/outputs/routes/route_ff4c805d479e.csv
e59c237422f7,021,circular,4153,2,2,2,9960,90,20.000000,250.000000,1.100000,2564,18.109788,0,0,passos_sem_dados,0,38.614458,2116.539695,5962.538096,5.025944,464.370660,0.334208,/Users/pedrorebollo/projetos/traje_disc/experimento_v4/outputs/routes/route_e59c237422f7.csv
16b41576342b,021,circular,4153,2,2,2,9960,90,20.000000,250.000000,1.250000,3016,18.468271,0,0,passos_sem_dados,0,40.110442,2103.714838,5911.102768,4.889564,548.379296,0.406173,/Users/pedrorebollo/projetos/traje_disc/experimento_v4/outputs/routes/route_16b41576342b.csv
135cf386fa4d,021,circular,4153,2,2,2,9960,90,20.000000,250.000000,1.500000,3156,18.574767,0,0,passos_sem_dados,0,40.702811,2103.458972,5916.830240,5.003913,623.835770,0.384835,/Users/pedrorebollo/projetos/traje_disc/experimento_v4/outputs/routes/route_135cf386fa4d.csv
c2368d6f0efb,021,circular,4153,2,2,2,9960,90,20.000000,250.000000,2.000000,2356,44.508009,0,0,passos_sem_dados,0,74.226908,34.608095,60.866448,14.933464,593.944155,0.330107,/Users/pedrorebollo/projetos/traje_disc/experimento_v4/outputs/routes/route_c2368d6f0efb.csv
57b310bc61bc,021,circular,4153,2,2,2,9960,180,20.000000,250.000000,1.100000,2608,18.400150,0,0,passos_sem_dados,0,38.905622,2077.581759,5948.846173,5.016827,483.764773,0.622932,/Users/pedrorebollo/projetos/traje_disc/experimento_v4/outputs/routes/route_57b310bc61bc.csv
76aae13b04ac,021,circular,4153,2,2,2,9960,180,20.000000,250.000000,1.250000,3392,21.246918,0,0,passos_sem_dados,0,45.431727,1806.193048,5731.466069,5.318759,601.690271,0.828681,/Users/pedrorebollo/projetos/traje_disc/experimento_v4/outputs/routes/route_76aae13b04ac.csv
cd8be75deea9,021,circular,4153,2,2,2,9960,180,20.000000,250.000000,1.500000,4380,27.229775,0,0,passos_sem_dados,0,55.953815,1374.871252,5537.701179,5.874108,693.392276,1.101987,/Users/pedrorebollo/projetos/traje_disc/experimento_v4/outputs/routes/route_cd8be75deea9.csv
2113940e95da,021,circular,4153,2,2,2,9960,180,20.000000,250.000000,2.000000,1452,26.720090,0,0,passos_sem_dados,0,40.983936,1390.422938,5537.677696,16.638964,764.427688,0.400832,/Users/pedrorebollo/projetos/traje_disc/experimento_v4/outputs/routes/route_2113940e95da.csv
5914ec01c6d0,021,circular,4153,2,2,2,9960,360,20.000000,250.000000,1.100000,2532,19.575215,0,0,passos_sem_dados,0,39.969880,1984.852669,5756.337029,5.165265,448.907402,1.149836,/Users/pedrorebollo/projetos/traje_disc/experimento_v4/outputs/routes/route_5914ec01c6d0.csv
fc120af25c8a,021,circular,4153,2,2,2,9960,360,20.000000,250.000000,1.250000,4244,26.918482,0,0,passos_sem_dados,0,55.050201,1374.373503,5537.383008,6.110961,720.390577,1.969589,/Users/pedrorebollo/projetos/traje_disc/experimento_v4/outputs/routes/route_fc120af25c8a.csv
5f9fa626ac69,021,circular,4153,2,2,2,9960,360,20.000000,250.000000,1.500000,3288,19.788613,0,0,passos_sem_dados,0,41.746988,1979.059745,5755.377892,4.769241,636.737601,1.490383,/Users/pedrorebollo/projetos/traje_disc/experimento_v4/outputs/routes/route_5f9fa626ac69.csv
18a1feaee417,021,circular,4153,2,2,2,9960,360,20.000000,250.000000,2.000000,2544,42.742378,0,0,passos_sem_dados,0,79.638554,32.245939,47.478709,11.740539,586.143515,1.289272,/Users/pedrorebollo/projetos/traje_disc/experimento_v4/outputs/routes/route_18a1feaee417.csv
6ed1a2891755,021,circular,4153,5,5,5,23072,90,5.000000,250.000000,1.100000,20852,43.661935,0,1,loop_fechado,1,97.700000,18.105019,9.123041,6.416686,2870.677354,2.905525,/Users/pedrorebollo/projetos/traje_disc/experimento_v4/outputs/routes/route_6ed1a2891755.csv
f3a6ba722e15,021,circular,4153,5,5,5,23072,90,5.000000,250.000000,1.250000,26708,44.351749,0,1,loop_fechado,1,98.120000,17.811888,7.879255,6.043534,3920.491381,3.658479,/Users/pedrorebollo/projetos/traje_disc/experimento_v4/outputs/routes/route_f3a6ba722e15.csv
7907101323f1,021,circular,4153,5,5,5,23072,90,5.000000,250.000000,1.500000,27692,44.343282,0,1,loop_fechado,1,98.225000,17.739697,7.684482,5.938680,4102.677510,3.769728,/Users/pedrorebollo/projetos/traje_disc/experimento_v4/outputs/routes/route_7907101323f1.csv
ada696b5092b,021,circular,4153,5,5,5,23072,90,5.000000,250.000000,2.000000,4224,42.439892,0,1,loop_fechado,1,92.250000,20.521868,20.782297,7.801907,768.090116,0.667481,/Users/pedrorebollo/projetos/traje_disc/experimento_v4/outputs/routes/route_ada696b5092b.csv
e98ea53f45c9,021,circular,4153,5,5,5,23072,180,5.000000,250.000000,1.100000,8800,18.859101,0,0,passos_sem_dados,0,41.400000,2061.746348,5877.083227,4.297074,2817.211039,2.386464,/Users/pedrorebollo/projetos/traje_disc/experimento_v4/outputs/routes/route_e98ea53f45c9.csv
437dcfbddbe2,021,circular,4153,5,5,5,23072,180,5.000000,250.000000,1.250000,26852,44.571348,0,1,loop_fechado,1,98.255000,17.770674,7.611943,6.140493,3909.284926,6.893200,/Users/pedrorebollo/projetos/traje_disc/experimento_v4/outputs/routes/route_437dcfbddbe2.csv
5f7b5a9a24bc,021,circular,4153,5,5,5,23072,180,5.000000,250.000000,1.500000,27872,44.943416,0,1,loop_fechado,1,98.270000,17.701954,7.403058,5.958036,4111.190853,7.151294,/Users/pedrorebollo/projetos/traje_disc/experimento_v4/outputs/routes/route_5f7b5a9a24bc.csv
b97f34859224,021,circular,4153,5,5,5,23072,180,5.000000,250.000000,2.000000,3448,43.031963,0,1,loop_fechado,1,87.490000,22.478326,33.655776,9.546795,623.125055,0.969622,/Users/pedrorebollo/projetos/traje_disc/experimento_v4/outputs/routes/route_b97f34859224.csv
00a33dc98cc8,021,circular,4153,5,5,5,23072,360,5.000000,250.000000,1.100000,8684,18.806466,0,0,passos_sem_dados,0,41.375000,2070.145998,5877.034300,4.270287,2791.322625,4.490043,/Users/pedrorebollo/projetos/traje_disc/experimento_v4/outputs/routes/route_00a33dc98cc8.csv
aa6486e1ff0a,021,circular,4153,5,5,5,23072,360,5.000000,250.000000,1.250000,26816,44.376464,0,1,loop_fechado,1,98.280000,17.767096,7.642480,6.051718,3851.892610,13.153448,/Users/pedrorebollo/projetos/traje_disc/experimento_v4/outputs/routes/route_aa6486e1ff0a.csv
1350d7d769dd,021,circular,4153,5,5,5,23072,360,5.000000,250.000000,1.500000,27904,44.437348,0,1,loop_fechado,1,98.245000,17.720632,7.482367,5.943531,4134.748170,13.659107,/Users/pedrorebollo/projetos/traje_disc/experimento_v4/outputs/routes/route_1350d7d769dd.csv
0e37433f906d,021,circular,4153,5,5,5,23072,360,5.000000,250.000000,2.000000,3732,44.012015,0,1,loop_fechado,1,88.510000,21.601935,28.209502,9.034268,684.833536,1.918482,/Users/pedrorebollo/projetos/traje_disc/experimento_v4/outputs/routes/route_0e37433f906d.csv
b04857b4b42c,021,circular,4153,5,5,5,23072,90,10.000000,250.000000,1.100000,5428,18.423928,0,0,passos_sem_dados,0,41.295000,2069.246309,5893.232228,4.444548,1228.706918,0.754491,/Users/pedrorebollo/projetos/traje_disc/experimento_v4/outputs/routes/route_b04857b4b42c.csv
ce5489b739f9,021,circular,4153,5,5,5,23072,90,10.000000,250.000000,1.250000,14832,43.510839,0,1,loop_fechado,1,97.870000,18.106071,8.516143,6.120135,1585.244011,1.937795,/Users/pedrorebollo/projetos/traje_disc/experimento_v4/outputs/routes/route_ce5489b739f9.csv
87820d96b9f5,021,circular,4153,5,5,5,23072,90,10.000000,250.000000,1.500000,15452,43.747138,0,1,loop_fechado,1,98.205000,17.937583,7.746429,5.802845,1710.677299,2.045144,/Users/pedrorebollo/projetos/traje_disc/experimento_v4/outputs/routes/route_87820d96b9f5.csv
2fcc6d950a07,021,circular,4153,5,5,5,23072,90,10.000000,250.000000,2.000000,3668,42.660155,0,1,loop_fechado,1,88.220000,21.488497,26.756837,8.355536,730.713750,0.527885,/Users/pedrorebollo/projetos/traje_disc/experimento_v4/outputs/routes/route_2fcc6d950a07.csv
c3aca967cdb3,021,circular,4153,5,5,5,23072,180,10.000000,250.000000,1.100000,5364,18.447008,0,0,passos_sem_dados,0,41.270000,2068.495053,5890.834179,4.587694,1285.222341,1.381059,/Users/pedrorebollo/projetos/traje_disc/experimento_v4/outputs/routes/route_c3aca967cdb3.csv
8b3d354ed0ab,021,circular,4153,5,5,5,23072,180,10.000000,250.000000,1.250000,14924,43.410028,0,1,loop_fechado,1,98.125000,18.020554,8.089464,6.062453,1658.347102,3.657676,/Users/pedrorebollo/projetos/traje_disc/experimento_v4/outputs/routes/route_8b3d354ed0ab.csv
20c4716075db,021,circular,4153,5,5,5,23072,180,10.000000,250.000000,1.500000,15480,44.139185,0,1,loop_fechado,1,98.245000,17.936483,7.748370,5.898149,1741.084887,3.803464,/Users/pedrorebollo/projetos/traje_disc/experimento_v4/outputs/routes/route_20c4716075db.csv
b6671237f5e5,021,circular,4153,5,5,5,23072,180,10.000000,250.000000,2.000000,3192,43.234688,0,1,loop_fechado,1,84.995000,23.676349,38.216894,10.439814,616.432413,0.864157,/Users/pedrorebollo/projetos/traje_disc/experimento_v4/outputs/routes/route_b6671237f5e5.csv
25bdc1a6a810,021,circular,4153,5,5,5,23072,360,10.000000,250.000000,1.100000,5384,18.479780,0,0,passos_sem_dados,0,41.315000,2068.549139,5890.300074,4.501324,1238.315407,2.662293,/Users/pedrorebollo/projetos/traje_disc/experimento_v4/outputs/routes/route_25bdc1a6a810.csv
461179937499,021,circular,4153,5,5,5,23072,360,10.000000,250.000000,1.250000,14952,43.394851,0,1,loop_fechado,1,98.185000,18.031565,8.261196,6.027497,1648.097530,7.186153,/Users/pedrorebollo/projetos/traje_disc/experimento_v4/outputs/routes/route_461179937499.csv
cf49d360e165,021,circular,4153,5,5,5,23072,360,10.000000,250.000000,1.500000,15372,43.601366,0,1,loop_fechado,1,98.210000,17.936392,7.728301,5.949469,1669.727295,7.270324,/Users/pedrorebollo/projetos/traje_disc/experimento_v4/outputs/routes/route_cf49d360e165.csv
dfbef96f60d1,021,circular,4153,5,5,5,23072,360,10.000000,250.000000,2.000000,3340,42.843392,0,1,loop_fechado,1,87.955000,21.969070,29.159480,9.605105,662.122830,1.735463,/Users/pedrorebollo/projetos/traje_disc/experimento_v4/outputs/routes/route_dfbef96f60d1.csv
348f28e81df0,021,circular,4153,5,5,5,23072,90,20.000000,250.000000,1.100000,4232,25.411036,0,0,passos_sem_dados,0,55.940000,1364.299697,5544.460984,5.679043,641.337398,0.593978,/Users/pedrorebollo/projetos/traje_disc/experimento_v4/outputs/routes/route_348f28e81df0.csv
b794ace32ee5,021,circular,4153,5,5,5,23072,90,20.000000,250.000000,1.250000,8168,43.162728,0,1,loop_fechado,1,97.810000,18.387779,9.403293,6.047023,701.179165,1.096350,/Users/pedrorebollo/projetos/traje_disc/experimento_v4/outputs/routes/route_b794ace32ee5.csv
cc17d25d51d8,021,circular,4153,5,5,5,23072,90,20.000000,250.000000,1.500000,8252,43.504839,0,1,loop_fechado,1,97.325000,18.862711,9.143523,6.245438,685.488350,1.096072,/Users/pedrorebollo/projetos/traje_disc/experimento_v4/outputs/routes/route_cc17d25d51d8.csv
488b920e41f4,021,circular,4153,5,5,5,23072,90,20.000000,250.000000,2.000000,3056,43.308969,0,1,loop_fechado,1,84.730000,23.874952,41.042106,10.878965,600.038041,0.444465,/Users/pedrorebollo/projetos/traje_disc/experimento_v4/outputs/routes/route_488b920e41f4.csv
0d0422789d3a,021,circular,4153,5,5,5,23072,180,20.000000,250.000000,1.100000,7436,42.957907,0,1,loop_fechado,1,96.870000,18.690461,11.037433,6.322794,608.941973,1.843762,/Users/pedrorebollo/projetos/traje_disc/experimento_v4/outputs/routes/route_0d0422789d3a.csv
b30288243ed8,021,circular,4153,5,5,5,23072,180,20.000000,250.000000,1.250000,8128,43.061448,0,1,loop_fechado,1,97.720000,18.414866,9.411703,6.161792,711.111629,2.018463,/Users/pedrorebollo/projetos/traje_disc/experimento_v4/outputs/routes/route_b30288243ed8.csv
b35552790481,021,circular,4153,5,5,5,23072,180,20.000000,250.000000,1.500000,8252,42.972445,0,1,loop_fechado,1,97.875000,18.378956,8.928409,5.961232,700.380518,2.048342,/Users/pedrorebollo/projetos/traje_disc/experimento_v4/outputs/routes/route_b35552790481.csv
40c1e722c3b1,021,circular,4153,5,5,5,23072,180,20.000000,250.000000,2.000000,3560,42.806231,0,1,loop_fechado,1,90.145000,21.800542,30.009258,8.513924,612.273924,0.949491,/Users/pedrorebollo/projetos/traje_disc/experimento_v4/outputs/routes/route_40c1e722c3b1.csv
0569be3bcf56,021,circular,4153,5,5,5,23072,360,20.000000,250.000000,1.100000,7552,42.863864,0,1,loop_fechado,1,97.100000,18.587136,10.444084,6.123389,641.749345,3.643068,/Users/pedrorebollo/projetos/traje_disc/experimento_v4/outputs/routes/route_0569be3bcf56.csv
508ebdf86b47,021,circular,4153,5,5,5,23072,360,20.000000,250.000000,1.250000,8120,43.070555,0,1,loop_fechado,1,97.585000,18.466655,9.795998,6.080435,685.384960,3.872352,/Users/pedrorebollo/projetos/traje_disc/experimento_v4/outputs/routes/route_508ebdf86b47.csv
00524992514a,021,circular,4153,5,5,5,23072,360,20.000000,250.000000,1.500000,8236,42.885513,0,1,loop_fechado,1,98.035000,18.291526,8.674078,6.108728,690.235553,3.946862,/Users/pedrorebollo/projetos/traje_disc/experimento_v4/outputs/routes/route_00524992514a.csv
367177b588fb,021,circular,4153,5,5,5,23072,360,20.000000,250.000000,2.000000,3532,43.261325,0,1,loop_fechado,1,89.005000,21.806019,29.887088,9.458215,586.412999,1.761396,/Users/pedrorebollo/projetos/traje_disc/experimento_v4/outputs/routes/route_367177b588fb.csv
7e617181a22d,022,circular,4146,2,2,2,6247,90,5.000000,250.000000,1.100000,6508,36.139465,0,1,loop_fechado,1,93.292781,54.503923,18.632193,22.966111,705.362924,0.717691,/Users/pedrorebollo/projetos/traje_disc/experimento_v4/outputs/routes/route_7e617181a22d.csv
4a1496c4ca84,022,circular,4146,2,2,2,6247,90,5.000000,250.000000,1.250000,10768,36.703008,0,1,loop_fechado,1,93.596927,54.130401,20.592348,18.728786,1472.769308,1.139587,/Users/pedrorebollo/projetos/traje_disc/experimento_v4/outputs/routes/route_4a1496c4ca84.csv
cc12b81449ae,022,circular,4146,2,2,2,6247,90,5.000000,250.000000,1.500000,11628,37.007906,0,1,loop_fechado,1,93.949096,53.882458,19.338350,18.524006,1601.947807,1.206008,/Users/pedrorebollo/projetos/traje_disc/experimento_v4/outputs/routes/route_cc12b81449ae.csv
108fad1fb977,022,circular,4146,2,2,2,6247,90,5.000000,250.000000,2.000000,1664,35.355721,0,0,passos_sem_dados,0,74.915960,63.264603,71.913276,25.598644,222.023827,0.218668,/Users/pedrorebollo/projetos/traje_disc/experimento_v4/outputs/routes/route_108fad1fb977.csv
c39c0fb51c91,022,circular,4146,2,2,2,6247,180,5.000000,250.000000,1.100000,6556,36.119831,0,1,loop_fechado,1,93.548903,54.463006,18.131047,22.197493,695.553997,1.387997,/Users/pedrorebollo/projetos/traje_disc/experimento_v4/outputs/routes/route_c39c0fb51c91.csv
cb688fdc4411,022,circular,4146,2,2,2,6247,180,5.000000,250.000000,1.250000,10752,36.712181,0,1,loop_fechado,1,93.500880,54.055696,19.382551,18.814213,1472.060559,2.166283,/Users/pedrorebollo/projetos/traje_disc/experimento_v4/outputs/routes/route_cb688fdc4411.csv
8af574a76714,022,circular,4146,2,2,2,6247,180,5.000000,250.000000,1.500000,11648,36.979202,0,1,loop_fechado,1,93.612934,54.038395,20.090692,18.773469,1647.652513,2.346684,/Users/pedrorebollo/projetos/traje_disc/experimento_v4/outputs/routes/route_8af574a76714.csv
6afadb3f7982,022,circular,4146,2,2,2,6247,180,5.000000,250.000000,2.000000,1808,35.186699,0,0,passos_sem_dados,0,76.820874,60.418892,48.100992,21.342000,227.882369,0.440310,/Users/pedrorebollo/projetos/traje_disc/experimento_v4/outputs/routes/route_6afadb3f7982.csv
901e0bf464e4,022,circular,4146,2,2,2,6247,360,5.000000,250.000000,1.100000,6496,36.669404,0,1,loop_fechado,1,91.003682,56.629022,33.411574,23.277518,692.474769,2.659862,/Users/pedrorebollo/projetos/traje_disc/experimento_v4/outputs/routes/route_901e0bf464e4.csv
6295f9d2aa4c,022,circular,4146,2,2,2,6247,360,5.000000,250.000000,1.250000,10696,36.660606,0,1,loop_fechado,1,93.372819,54.162901,20.403221,18.906076,1433.245197,4.166831,/Users/pedrorebollo/projetos/traje_disc/experimento_v4/outputs/routes/route_6295f9d2aa4c.csv
c93198a257bf,022,circular,4146,2,2,2,6247,360,5.000000,250.000000,1.500000,11768,36.717595,0,1,loop_fechado,1,93.997119,53.972292,18.975263,18.741627,1603.134870,4.565905,/Users/pedrorebollo/projetos/traje_disc/experimento_v4/outputs/routes/route_c93198a257bf.csv
d25c7a6081d0,022,circular,4146,2,2,2,6247,360,5.000000,250.000000,2.000000,1664,35.453253,0,0,passos_sem_dados,0,73.699376,63.705812,73.844980,25.631279,221.217396,0.794789,/Users/pedrorebollo/projetos/traje_disc/experimento_v4/outputs/routes/route_d25c7a6081d0.csv
4c8428784422,022,circular,4146,2,2,2,6247,90,10.000000,250.000000,1.100000,5844,36.017180,0,1,loop_fechado,1,93.436850,54.520720,18.283138,19.807102,555.030537,0.640247,/Users/pedrorebollo/projetos/traje_disc/experimento_v4/outputs/routes/route_4c8428784422.csv
3ffa0acc111d,022,circular,4146,2,2,2,6247,90,10.000000,250.000000,1.250000,8380,36.440408,0,1,loop_fechado,1,94.141188,54.173054,17.725125,17.404290,911.496065,0.892475,/Users/pedrorebollo/projetos/traje_disc/experimento_v4/outputs/routes/route_3ffa0acc111d.csv
cebdb287f35c,022,circular,4146,2,2,2,6247,90,10.000000,250.000000,1.500000,8884,36.573016,0,1,loop_fechado,1,92.828558,54.326282,23.120592,18.282058,998.982897,0.952491,/Users/pedrorebollo/projetos/traje_disc/experimento_v4/outputs/routes/route_cebdb287f35c.csv
65259958e942,022,circular,4146,2,2,2,6247,90,10.000000,250.000000,2.000000,1612,34.933182,0,0,passos_sem_dados,0,74.787898,61.688719,55.580392,22.567045,207.477704,0.203936,/Users/pedrorebollo/projetos/traje_disc/experimento_v4/outputs/routes/route_65259958e942.csv
0f36e0c52e73,022,circular,4146,2,2,2,6247,180,10.000000,250.000000,1.100000,5864,36.091234,0,1,loop_fechado,1,93.628942,54.475744,17.755424,19.792964,549.474222,1.236982,/Users/pedrorebollo/projetos/traje_disc/experimento_v4/outputs/routes/route_0f36e0c52e73.csv
ce2a24897113,022,circular,4146,2,2,2,6247,180,10.000000,250.000000,1.250000,8288,36.380586,0,1,loop_fechado,1,94.189211,54.199936,17.367904,17.662980,872.965400,1.699329,/Users/pedrorebollo/projetos/traje_disc/experimento_v4/outputs/routes/route_ce2a24897113.csv
8d5bf4a4a035,022,circular,4146,2,2,2,6247,180,10.000000,250.000000,1.500000,8820,36.454454,0,1,loop_fechado,1,92.748519,54.341867,22.313671,17.797636,961.545471,1.805642,/Users/pedrorebollo/projetos/traje_disc/experimento_v4/outputs/routes/route_8d5bf4a4a035.csv
9dce7a600fde,022,circular,4146,2,2,2,6247,180,10.000000,250.000000,2.000000,1704,34.871257,0,0,passos_sem_dados,0,74.291660,62.281459,59.871267,25.029222,210.541203,0.408547,/Users/pedrorebollo/projetos/traje_disc/experimento_v4/outputs/routes/route_9dce7a600fde.csv
25f718850f1a,022,circular,4146,2,2,2,6247,360,10.000000,250.000000,1.100000,5836,36.053822,0,1,loop_fechado,1,93.564911,54.502604,18.288198,19.796134,549.246006,2.386787,/Users/pedrorebollo/projetos/traje_disc/experimento_v4/outputs/routes/route_25f718850f1a.csv
d721bc0d0d38,022,circular,4146,2,2,2,6247,360,10.000000,250.000000,1.250000,8252,36.386233,0,1,loop_fechado,1,93.933088,54.217673,18.327449,17.750104,854.205439,3.304744,/Users/pedrorebollo/projetos/traje_disc/experimento_v4/outputs/routes/route_d721bc0d0d38.csv
24d9286b5faf,022,circular,4146,2,2,2,6247,360,10.000000,250.000000,1.500000,8848,36.439392,0,1,loop_fechado,1,92.764527,54.275720,22.148683,17.847602,948.490880,3.548636,/Users/pedrorebollo/projetos/traje_disc/experimento_v4/outputs/routes/route_24d9286b5faf.csv
acc7c41bd22d,022,circular,4146,2,2,2,6247,360,10.000000,250.000000,2.000000,1588,35.057259,0,1,loop_fechado,1,73.107091,63.796415,74.738298,25.562687,213.484258,0.740136,/Users/pedrorebollo/projetos/traje_disc/experimento_v4/outputs/routes/route_acc7c41bd22d.csv
cb3a69da508d,022,circular,4146,2,2,2,6247,90,20.000000,250.000000,1.100000,4724,35.897565,0,1,loop_fechado,1,93.276773,54.721029,18.577634,18.155867,382.598637,0.521370,/Users/pedrorebollo/projetos/traje_disc/experimento_v4/outputs/routes/route_cb3a69da508d.csv
d8545b9033c0,022,circular,4146,2,2,2,6247,90,20.000000,250.000000,1.250000,5660,36.007146,0,1,loop_fechado,1,94.477349,54.249076,16.289658,18.342349,469.130280,0.615330,/Users/pedrorebollo/projetos/traje_disc/experimento_v4/outputs/routes/route_d8545b9033c0.csv
22f632558af9,022,circular,4146,2,2,2,6247,90,20.000000,250.000000,1.500000,5744,36.043751,0,1,loop_fechado,1,93.901073,54.410746,17.661863,17.954251,504.417360,0.630806,/Users/pedrorebollo/projetos/traje_disc/experimento_v4/outputs/routes/route_22f632558af9.csv
63e5dd611d42,022,circular,4146,2,2,2,6247,90,20.000000,250.000000,2.000000,1820,35.035273,0,0,passos_sem_dados,0,76.532736,60.973409,56.113717,24.053442,230.856258,0.229569,/Users/pedrorebollo/projetos/traje_disc/experimento_v4/outputs/routes/route_63e5dd611d42.csv
db66d56a6392,022,circular,4146,2,2,2,6247,180,20.000000,250.000000,1.100000,4672,35.870922,0,1,loop_fechado,1,93.148711,54.728824,18.973671,18.718338,370.970113,0.998319,/Users/pedrorebollo/projetos/traje_disc/experimento_v4/outputs/routes/route_db66d56a6392.csv
c74902adf936,022,circular,4146,2,2,2,6247,180,20.000000,250.000000,1.250000,5616,35.939773,0,1,loop_fechado,1,94.093165,54.335453,16.906172,18.696427,446.656626,1.191499,/Users/pedrorebollo/projetos/traje_disc/experimento_v4/outputs/routes/route_c74902adf936.csv
3638282d960d,022,circular,4146,2,2,2,6247,180,20.000000,250.000000,1.500000,5808,36.149011,0,1,loop_fechado,1,93.612934,54.380988,18.525631,18.050169,529.142637,1.223386,/Users/pedrorebollo/projetos/traje_disc/experimento_v4/outputs/routes/route_3638282d960d.csv
b8f9aa94a159,022,circular,4146,2,2,2,6247,180,20.000000,250.000000,2.000000,1652,34.945935,0,0,passos_sem_dados,0,74.291660,62.261353,58.964671,25.775262,205.525860,0.398450,/Users/pedrorebollo/projetos/traje_disc/experimento_v4/outputs/routes/route_b8f9aa94a159.csv
3da5b12512ce,022,circular,4146,2,2,2,6247,360,20.000000,250.000000,1.100000,4572,35.839102,0,1,loop_fechado,1,92.556427,54.832369,20.508467,19.004763,348.947267,1.918280,/Users/pedrorebollo/projetos/traje_disc/experimento_v4/outputs/routes/route_3da5b12512ce.csv
0be3e7733982,022,circular,4146,2,2,2,6247,360,20.000000,250.000000,1.250000,5560,35.899610,0,1,loop_fechado,1,93.901073,54.513365,17.988514,18.175430,441.347456,2.274479,/Users/pedrorebollo/projetos/traje_disc/experimento_v4/outputs/routes/route_0be3e7733982.csv
ce4f239c7186,022,circular,4146,2,2,2,6247,360,20.000000,250.000000,1.500000,5736,36.013774,0,1,loop_fechado,1,94.029134,54.403962,18.696534,18.273772,484.126755,2.377495,/Users/pedrorebollo/projetos/traje_disc/experimento_v4/outputs/routes/route_ce4f239c7186.csv
784a776f75af,022,circular,4146,2,2,2,6247,360,20.000000,250.000000,2.000000,1664,35.519792,0,0,passos_sem_dados,0,73.987514,63.629044,80.650731,28.994171,210.866571,0.790428,/Users/pedrorebollo/projetos/traje_disc/experimento_v4/outputs/routes/route_784a776f75af.csv
f115c9f18343,022,circular,4146,5,5,5,14516,90,5.000000,250.000000,1.100000,14824,37.389035,0,1,loop_fechado,1,97.072196,45.532817,9.592215,18.030041,2160.852393,1.880877,/Users/pedrorebollo/projetos/traje_disc/experimento_v4/outputs/routes/route_f115c9f18343.csv
63ad82392938,022,circular,4146,5,5,5,14516,90,5.000000,250.000000,1.250000,19660,37.589955,0,1,loop_fechado,1,96.762193,45.458060,9.558029,16.865702,3032.590200,2.440391,/Users/pedrorebollo/projetos/traje_disc/experimento_v4/outputs/routes/route_63ad82392938.csv
25c51d28700b,022,circular,4146,5,5,5,14516,90,5.000000,250.000000,1.500000,20200,37.606894,0,1,loop_fechado,1,97.023974,45.390450,9.356357,17.400172,3128.344750,2.555327,/Users/pedrorebollo/projetos/traje_disc/experimento_v4/outputs/routes/route_25c51d28700b.csv
6beece50a02b,022,circular,4146,5,5,5,14516,90,5.000000,250.000000,2.000000,3096,36.444483,0,0,passos_sem_dados,0,89.590796,48.353605,26.844918,17.163773,364.980634,0.413145,/Users/pedrorebollo/projetos/traje_disc/experimento_v4/outputs/routes/route_6beece50a02b.csv
546b59e57971,022,circular,4146,5,5,5,14516,180,5.000000,250.000000,1.100000,14448,37.433270,0,1,loop_fechado,1,96.782860,45.584084,10.012786,18.204515,1978.197553,3.421654,/Users/pedrorebollo/projetos/traje_disc/experimento_v4/outputs/routes/route_546b59e57971.csv
130e275a3b93,022,circular,4146,5,5,5,14516,180,5.000000,250.000000,1.250000,19660,37.648343,0,1,loop_fechado,1,96.837972,45.415098,9.527645,17.163869,3068.250411,4.618398,/Users/pedrorebollo/projetos/traje_disc/experimento_v4/outputs/routes/route_130e275a3b93.csv
9ca55b8ef65f,022,circular,4146,5,5,5,14516,180,5.000000,250.000000,1.500000,20256,37.868874,0,1,loop_fechado,1,97.044640,45.366588,9.190281,17.538675,3152.620810,4.774454,/Users/pedrorebollo/projetos/traje_disc/experimento_v4/outputs/routes/route_9ca55b8ef65f.csv
34219d3cd4cb,022,circular,4146,5,5,5,14516,180,5.000000,250.000000,2.000000,2764,35.568048,0,1,loop_fechado,1,88.261229,49.407926,33.183029,22.287218,341.068373,0.783227,/Users/pedrorebollo/projetos/traje_disc/experimento_v4/outputs/routes/route_34219d3cd4cb.csv
19f88481e6a4,022,circular,4146,5,5,5,14516,360,5.000000,250.000000,1.100000,14580,37.244829,0,1,loop_fechado,1,97.065307,45.542104,9.683157,18.126329,1998.523968,6.792213,/Users/pedrorebollo/projetos/traje_disc/experimento_v4/outputs/routes/route_19f88481e6a4.csv
a61dccecc75d,022,circular,4146,5,5,5,14516,360,5.000000,250.000000,1.250000,19536,37.588138,0,1,loop_fechado,1,96.865528,45.419771,9.533731,16.804597,2971.324574,8.807257,/Users/pedrorebollo/projetos/traje_disc/experimento_v4/outputs/routes/route_a61dccecc75d.csv
bfc8713debdf,022,circular,4146,5,5,5,14516,360,5.000000,250.000000,1.500000,20152,37.807485,0,1,loop_fechado,1,97.085974,45.375146,9.327978,17.339488,3116.576114,9.197009,/Users/pedrorebollo/projetos/traje_disc/experimento_v4/outputs/routes/route_bfc8713debdf.csv
a11a0ae1b4bc,022,circular,4146,5,5,5,14516,360,5.000000,250.000000,2.000000,2780,36.056902,0,0,passos_sem_dados,0,86.153210,50.133029,46.458427,22.586948,338.617036,1.355956,/Users/pedrorebollo/projetos/traje_disc/experimento_v4/outputs/routes/route_a11a0ae1b4bc.csv
b4a2db5e7f9f,022,circular,4146,5,5,5,14516,90,10.000000,250.000000,1.100000,10480,36.698498,0,1,loop_fechado,1,96.989529,45.683706,9.889172,17.275865,1185.660470,1.288733,/Users/pedrorebollo/projetos/traje_disc/experimento_v4/outputs/routes/route_b4a2db5e7f9f.csv
b7493df891cd,022,circular,4146,5,5,5,14516,90,10.000000,250.000000,1.250000,12144,36.803212,0,1,loop_fechado,1,96.713971,45.664795,9.959455,17.390466,1357.671298,1.478978,/Users/pedrorebollo/projetos/traje_disc/experimento_v4/outputs/routes/route_b7493df891cd.csv
8791120700f4,022,circular,4146,5,5,5,14516,90,10.000000,250.000000,1.500000,12312,36.885257,0,1,loop_fechado,1,96.576192,45.665476,9.783435,17.435923,1391.294464,1.500661,/Users/pedrorebollo/projetos/traje_disc/experimento_v4/outputs/routes/route_8791120700f4.csv
79643f52c88e,022,circular,4146,5,5,5,14516,90,10.000000,250.000000,2.000000,2720,35.935541,0,0,passos_sem_dados,0,86.835216,49.698722,40.442695,21.348129,299.676664,0.363975,/Users/pedrorebollo/projetos/traje_disc/experimento_v4/outputs/routes/route_79643f52c88e.csv
f87cf245778c,022,circular,4146,5,5,5,14516,180,10.000000,250.000000,1.100000,10376,36.689774,0,1,loop_fechado,1,97.017085,45.686309,9.687404,18.163475,1119.145245,2.398935,/Users/pedrorebollo/projetos/traje_disc/experimento_v4/outputs/routes/route_f87cf245778c.csv
0add5b18a51d,022,circular,4146,5,5,5,14516,180,10.000000,250.000000,1.250000,12216,36.810517,0,1,loop_fechado,1,96.789749,45.608757,9.791468,17.500033,1378.385306,2.814509,/Users/pedrorebollo/projetos/traje_disc/experimento_v4/outputs/routes/route_0add5b18a51d.csv
a9f3cdf1f060,022,circular,4146,5,5,5,14516,180,10.000000,250.000000,1.500000,12352,36.984830,0,1,loop_fechado,1,96.527969,45.666971,9.938802,17.627771,1427.395319,2.856337,/Users/pedrorebollo/projetos/traje_disc/experimento_v4/outputs/routes/route_a9f3cdf1f060.csv
5820debeeef9,022,circular,4146,5,5,5,14516,180,10.000000,250.000000,2.000000,2904,36.231941,0,0,passos_sem_dados,0,88.653899,48.686585,29.798634,17.772803,360.094663,0.717377,/Users/pedrorebollo/projetos/traje_disc/experimento_v4/outputs/routes/route_5820debeeef9.csv
d44498d91680,022,circular,4146,5,5,5,14516,360,10.000000,250.000000,1.100000,10368,36.630161,0,1,loop_fechado,1,96.927528,45.679642,9.749184,18.002847,1093.132842,4.660392,/Users/pedrorebollo/projetos/traje_disc/experimento_v4/outputs/routes/route_d44498d91680.csv
7aefb3b24e44,022,circular,4146,5,5,5,14516,360,10.000000,250.000000,1.250000,12172,36.766137,0,1,loop_fechado,1,96.762193,45.632365,9.830833,17.742363,1341.919747,5.515686,/Users/pedrorebollo/projetos/traje_disc/experimento_v4/outputs/routes/route_7aefb3b24e44.csv
1e1297ea80ef,022,circular,4146,5,5,5,14516,360,10.000000,250.000000,1.500000,12468,37.061812,0,1,loop_fechado,1,97.072196,45.461728,9.232915,17.300941,1436.413578,5.691872,/Users/pedrorebollo/projetos/traje_disc/experimento_v4/outputs/routes/route_1e1297ea80ef.csv
8f822a895996,022,circular,4146,5,5,5,14516,360,10.000000,250.000000,2.000000,2972,36.301954,0,0,passos_sem_dados,0,89.453017,48.511535,28.367283,21.128175,372.382891,1.454693,/Users/pedrorebollo/projetos/traje_disc/experimento_v4/outputs/routes/route_8f822a895996.csv
3d66d941394c,022,circular,4146,5,5,5,14516,90,20.000000,250.000000,1.100000,6584,36.196698,0,1,loop_fechado,1,96.775971,46.020432,10.710172,17.317188,523.728215,0.807593,/Users/pedrorebollo/projetos/traje_disc/experimento_v4/outputs/routes/route_3d66d941394c.csv
c163356773df,022,circular,4146,5,5,5,14516,90,20.000000,250.000000,1.250000,7008,36.333704,0,1,loop_fechado,1,96.851750,45.902134,10.522758,17.062156,604.315672,0.845078,/Users/pedrorebollo/projetos/traje_disc/experimento_v4/outputs/routes/route_c163356773df.csv
b6109e243a0c,022,circular,4146,5,5,5,14516,90,20.000000,250.000000,1.500000,6972,36.260605,0,1,loop_fechado,1,96.589970,45.991545,10.568161,17.478370,570.225678,0.857165,/Users/pedrorebollo/projetos/traje_disc/experimento_v4/outputs/routes/route_b6109e243a0c.csv
a319f7fae4cf,022,circular,4146,5,5,5,14516,90,20.000000,250.000000,2.000000,2836,36.072037,0,0,passos_sem_dados,0,88.798567,48.227551,27.387256,21.024208,290.432126,0.375922,/Users/pedrorebollo/projetos/traje_disc/experimento_v4/outputs/routes/route_a319f7fae4cf.csv
aeb0362b307e,022,circular,4146,5,5,5,14516,180,20.000000,250.000000,1.100000,6588,36.251888,0,1,loop_fechado,1,96.927528,45.994948,10.731714,17.242898,539.487702,1.533497,/Users/pedrorebollo/projetos/traje_disc/experimento_v4/outputs/routes/route_aeb0362b307e.csv
0c9ca5515508,022,circular,4146,5,5,5,14516,180,20.000000,250.000000,1.250000,7000,36.328263,0,1,loop_fechado,1,96.893083,45.991071,10.655384,17.312791,589.529622,1.637354,/Users/pedrorebollo/projetos/traje_disc/experimento_v4/outputs/routes/route_0c9ca5515508.csv
3f428441b9a2,022,circular,4146,5,5,5,14516,180,20.000000,250.000000,1.500000,6964,36.339344,0,1,loop_fechado,1,96.527969,46.042838,10.974162,17.783204,604.789529,1.637152,/Users/pedrorebollo/projetos/traje_disc/experimento_v4/outputs/routes/route_3f428441b9a2.csv
735dda860ec1,022,circular,4146,5,5,5,14516,180,20.000000,250.000000,2.000000,2916,36.040890,0,0,passos_sem_dados,0,89.721686,47.806684,26.171828,20.315370,279.400780,0.732721,/Users/pedrorebollo/projetos/traje_disc/experimento_v4/outputs/routes/route_735dda860ec1.csv
5f95911e4d8d,022,circular,4146,5,5,5,14516,360,20.000000,250.000000,1.100000,6568,36.202606,0,1,loop_fechado,1,96.651970,46.021651,11.152282,17.767562,523.241578,2.985248,/Users/pedrorebollo/projetos/traje_disc/experimento_v4/outputs/routes/route_5f95911e4d8d.csv
5d2b858133bd,022,circular,4146,5,5,5,14516,360,20.000000,250.000000,1.250000,6980,36.307752,0,1,loop_fechado,1,96.920639,45.969093,10.581723,16.929406,595.767918,3.174281,/Users/pedrorebollo/projetos/traje_disc/experimento_v4/outputs/routes/route_5d2b858133bd.csv
faaef7d5e794,022,circular,4146,5,5,5,14516,360,20.000000,250.000000,1.500000,6952,36.282481,0,1,loop_fechado,1,96.555525,46.023239,10.727740,17.403093,586.058188,3.179628,/Users/pedrorebollo/projetos/traje_disc/experimento_v4/outputs/routes/route_faaef7d5e794.csv
5f888080d2a8,022,circular,4146,5,5,5,14516,360,20.000000,250.000000,2.000000,2752,35.977315,0,0,passos_sem_dados,0,88.764122,48.246400,28.484696,21.490794,269.920069,1.341755,/Users/pedrorebollo/projetos/traje_disc/experimento_v4/outputs/routes/route_5f888080d2a8.csv
4aebd85cef41,023,circular,4911,2,2,2,7651,90,5.000000,250.000000,1.100000,8304,36.752807,0,1,loop_fechado,1,92.942099,14.104371,27.096938,15.768360,962.967650,0.963687,/Users/pedrorebollo/projetos/traje_disc/experimento_v4/outputs/routes/route_4aebd85cef41.csv
a1adca381059,023,circular,4911,2,2,2,7651,90,5.000000,250.000000,1.250000,12616,37.129234,0,1,loop_fechado,1,93.412626,14.478147,49.008779,13.760829,1753.014945,1.385422,/Users/pedrorebollo/projetos/traje_disc/experimento_v4/outputs/routes/route_a1adca381059.csv
9486af81fcab,023,circular,4911,2,2,2,7651,90,5.000000,250.000000,1.500000,13556,37.260436,0,1,loop_fechado,1,93.203503,14.422199,48.078792,13.889031,1909.755606,1.528860,/Users/pedrorebollo/projetos/traje_disc/experimento_v4/outputs/routes/route_9486af81fcab.csv
8777ffc9e56d,023,circular,4911,2,2,2,7651,90,5.000000,250.000000,2.000000,1528,35.887743,0,1,loop_fechado,1,72.748660,23.419682,78.770699,20.242914,205.693628,0.202162,/Users/pedrorebollo/projetos/traje_disc/experimento_v4/outputs/routes/route_8777ffc9e56d.csv
769e31a89333,023,circular,4911,2,2,2,7651,180,5.000000,250.000000,1.100000,8100,37.507870,0,1,loop_fechado,1,91.687361,14.304127,36.164984,16.515359,942.467916,1.775675,/Users/pedrorebollo/projetos/traje_disc/experimento_v4/outputs/routes/route_769e31a89333.csv
b3c11d37d2a4,023,circular,4911,2,2,2,7651,180,5.000000,250.000000,1.250000,12640,37.057522,0,1,loop_fechado,1,93.412626,14.511452,49.368250,13.793922,1706.899978,2.606906,/Users/pedrorebollo/projetos/traje_disc/experimento_v4/outputs/routes/route_b3c11d37d2a4.csv
5d1e567a5fc8,023,circular,4911,2,2,2,7651,180,5.000000,250.000000,1.500000,13424,37.198406,0,1,loop_fechado,1,93.517187,14.242141,43.549774,13.958467,1858.988614,2.739058,/Users/pedrorebollo/projetos/traje_disc/experimento_v4/outputs/routes/route_5d1e567a5fc8.csv
70ff16b46f24,023,circular,4911,2,2,2,7651,180,5.000000,250.000000,2.000000,1612,35.447299,0,1,loop_fechado,1,75.754803,23.562286,98.384789,19.969848,195.153169,0.392977,/Users/pedrorebollo/projetos/traje_disc/experimento_v4/outputs/routes/route_70ff16b46f24.csv
6bdeb8157526,023,circular,4911,2,2,2,7651,360,5.000000,250.000000,1.100000,8104,37.375956,0,1,loop_fechado,1,91.530519,14.435457,35.243785,16.442638,941.491875,3.488744,/Users/pedrorebollo/projetos/traje_disc/experimento_v4/outputs/routes/route_6bdeb8157526.csv
59218e7d29b2,023,circular,4911,2,2,2,7651,360,5.000000,250.000000,1.250000,12536,37.058680,0,1,loop_fechado,1,93.373415,14.507708,48.628481,13.762020,1690.199295,5.060880,/Users/pedrorebollo/projetos/traje_disc/experimento_v4/outputs/routes/route_59218e7d29b2.csv
195b12c893ab,023,circular,4911,2,2,2,7651,360,5.000000,250.000000,1.500000,13484,37.211750,0,1,loop_fechado,1,93.373415,14.377325,49.162113,13.795990,1851.274238,5.415833,/Users/pedrorebollo/projetos/traje_disc/experimento_v4/outputs/routes/route_195b12c893ab.csv
8070769b37a5,023,circular,4911,2,2,2,7651,360,5.000000,250.000000,2.000000,2048,36.043947,0,1,loop_fechado,1,80.355509,19.389011,60.778416,17.359844,232.096244,0.971496,/Users/pedrorebollo/projetos/traje_disc/experimento_v4/outputs/routes/route_8070769b37a5.csv
aaa1c828ae45,023,circular,4911,2,2,2,7651,90,10.000000,250.000000,1.100000,6400,37.433932,0,1,loop_fechado,1,91.517449,14.373854,33.225136,17.975032,601.135010,0.716570,/Users/pedrorebollo/projetos/traje_disc/experimento_v4/outputs/routes/route_aaa1c828ae45.csv
a2cfb4b19c37,023,circular,4911,2,2,2,7651,90,10.000000,250.000000,1.250000,8948,36.673460,0,1,loop_fechado,1,93.085871,14.780208,54.256989,14.886897,902.907602,0.963891,/Users/pedrorebollo/projetos/traje_disc/experimento_v4/outputs/routes/route_a2cfb4b19c37.csv
418d6ca67217,023,circular,4911,2,2,2,7651,90,10.000000,250.000000,1.500000,9788,36.911773,0,1,loop_fechado,1,93.935433,14.248914,32.079209,16.423364,1081.449565,1.060668,/Users/pedrorebollo/projetos/traje_disc/experimento_v4/outputs/routes/route_418d6ca67217.csv
ce6759006b9f,023,circular,4911,2,2,2,7651,90,10.000000,250.000000,2.000000,1680,35.791260,0,1,loop_fechado,1,75.166645,21.757760,71.380628,19.089766,193.378419,0.218504,/Users/pedrorebollo/projetos/traje_disc/experimento_v4/outputs/routes/route_ce6759006b9f.csv
8114018f3172,023,circular,4911,2,2,2,7651,180,10.000000,250.000000,1.100000,6676,37.390418,0,1,loop_fechado,1,91.661221,14.397187,34.924975,17.907486,634.158592,1.424975,/Users/pedrorebollo/projetos/traje_disc/experimento_v4/outputs/routes/route_8114018f3172.csv
0156a71c757e,023,circular,4911,2,2,2,7651,180,10.000000,250.000000,1.250000,8972,36.825172,0,1,loop_fechado,1,93.112012,14.801700,53.003369,14.664382,918.921065,1.863151,/Users/pedrorebollo/projetos/traje_disc/experimento_v4/outputs/routes/route_0156a71c757e.csv
faaa862e76c9,023,circular,4911,2,2,2,7651,180,10.000000,250.000000,1.500000,9688,36.819634,0,1,loop_fechado,1,93.909293,14.289942,32.741989,16.153974,1005.065184,1.997193,/Users/pedrorebollo/projetos/traje_disc/experimento_v4/outputs/routes/route_faaa862e76c9.csv
3bf75ecb9a68,023,circular,4911,2,2,2,7651,180,10.000000,250.000000,2.000000,1992,36.015610,0,0,passos_sem_dados,0,77.924454,20.167645,61.674747,17.227296,227.957302,0.478305,/Users/pedrorebollo/projetos/traje_disc/experimento_v4/outputs/routes/route_3bf75ecb9a68.csv
f31384c5dab4,023,circular,4911,2,2,2,7651,360,10.000000,250.000000,1.100000,6500,37.368732,0,1,loop_fechado,1,91.412887,14.472163,35.459766,17.653975,598.793150,2.711190,/Users/pedrorebollo/projetos/traje_disc/experimento_v4/outputs/routes/route_f31384c5dab4.csv
1d802bb7b72f,023,circular,4911,2,2,2,7651,360,10.000000,250.000000,1.250000,8952,36.842772,0,1,loop_fechado,1,93.112012,14.575188,41.758068,14.842557,903.521207,3.627380,/Users/pedrorebollo/projetos/traje_disc/experimento_v4/outputs/routes/route_1d802bb7b72f.csv
5aa914f15b1f,023,circular,4911,2,2,2,7651,360,10.000000,250.000000,1.500000,9700,36.832524,0,1,loop_fechado,1,93.909293,14.263258,32.288708,16.345676,1002.297437,3.906356,/Users/pedrorebollo/projetos/traje_disc/experimento_v4/outputs/routes/route_5aa914f15b1f.csv
555aed564971,023,circular,4911,2,2,2,7651,360,10.000000,250.000000,2.000000,1732,35.631915,0,1,loop_fechado,1,77.257875,21.964475,82.277782,19.238639,206.351154,0.814526,/Users/pedrorebollo/projetos/traje_disc/experimento_v4/outputs/routes/route_555aed564971.csv
6aabebcb3147,023,circular,4911,2,2,2,7651,90,20.000000,250.000000,1.100000,5068,36.599421,0,1,loop_fechado,1,92.380081,14.522163,30.903572,17.115122,398.543818,0.563478,/Users/pedrorebollo/projetos/traje_disc/experimento_v4/outputs/routes/route_6aabebcb3147.csv
7a9e0ded7ac4,023,circular,4911,2,2,2,7651,90,20.000000,250.000000,1.250000,5760,36.878575,0,1,loop_fechado,1,92.393151,15.195063,53.270222,16.667189,456.122455,0.634234,/Users/pedrorebollo/projetos/traje_disc/experimento_v4/outputs/routes/route_7a9e0ded7ac4.csv
a759ebae675a,023,circular,4911,2,2,2,7651,90,20.000000,250.000000,1.500000,5972,36.320645,0,1,loop_fechado,1,92.732976,15.747556,68.718228,15.399961,485.403087,0.658569,/Users/pedrorebollo/projetos/traje_disc/experimento_v4/outputs/routes/route_a759ebae675a.csv
bcd3e237ba81,023,circular,4911,2,2,2,7651,90,20.000000,250.000000,2.000000,1756,35.977446,0,0,passos_sem_dados,0,77.270945,22.371396,72.715267,23.628139,205.601486,0.218619,/Users/pedrorebollo/projetos/traje_disc/experimento_v4/outputs/routes/route_bcd3e237ba81.csv
ca814541e739,023,circular,4911,2,2,2,7651,180,20.000000,250.000000,1.100000,5008,36.562802,0,1,loop_fechado,1,91.883414,14.649579,30.849385,17.120437,380.924294,1.072145,/Users/pedrorebollo/projetos/traje_disc/experimento_v4/outputs/routes/route_ca814541e739.csv
28faae811b00,023,circular,4911,2,2,2,7651,180,20.000000,250.000000,1.250000,5736,36.404464,0,1,loop_fechado,1,92.654555,15.190037,45.966987,16.011918,440.052183,1.224356,/Users/pedrorebollo/projetos/traje_disc/experimento_v4/outputs/routes/route_28faae811b00.csv
e9fe69f8e0f0,023,circular,4911,2,2,2,7651,180,20.000000,250.000000,1.500000,5896,36.299742,0,1,loop_fechado,1,92.759116,15.946617,70.141776,15.957376,479.681636,1.251243,/Users/pedrorebollo/projetos/traje_disc/experimento_v4/outputs/routes/route_e9fe69f8e0f0.csv
c808132ea151,023,circular,4911,2,2,2,7651,180,20.000000,250.000000,2.000000,1800,35.973774,0,1,loop_fechado,1,78.381911,19.881470,56.607098,18.443282,201.858324,0.431636,/Users/pedrorebollo/projetos/traje_disc/experimento_v4/outputs/routes/route_c808132ea151.csv
f4cbf6f813ff,023,circular,4911,2,2,2,7651,360,20.000000,250.000000,1.100000,5060,36.601114,0,1,loop_fechado,1,92.001046,14.560052,31.326482,17.227081,380.147493,2.110824,/Users/pedrorebollo/projetos/traje_disc/experimento_v4/outputs/routes/route_f4cbf6f813ff.csv
3746659bbd42,023,circular,4911,2,2,2,7651,360,20.000000,250.000000,1.250000,5840,36.846670,0,1,loop_fechado,1,92.210169,15.205526,52.137992,16.370428,440.087377,2.429439,/Users/pedrorebollo/projetos/traje_disc/experimento_v4/outputs/routes/route_3746659bbd42.csv
b7c39497d422,023,circular,4911,2,2,2,7651,360,20.000000,250.000000,1.500000,5940,36.338440,0,1,loop_fechado,1,92.837538,15.705932,68.078762,15.156935,486.193347,2.476887,/Users/pedrorebollo/projetos/traje_disc/experimento_v4/outputs/routes/route_b7c39497d422.csv
bcd1677511d7,023,circular,4911,2,2,2,7651,360,20.000000,250.000000,2.000000,1868,36.232160,0,1,loop_fechado,1,81.022089,18.575752,44.176738,19.357609,209.332084,0.886265,/Users/pedrorebollo/projetos/traje_disc/experimento_v4/outputs/routes/route_bcd1677511d7.csv
3b0b280b9af1,023,circular,4911,5,5,5,16267,90,5.000000,250.000000,1.100000,15792,38.901441,0,1,loop_fechado,1,92.002213,37.376096,78.720079,12.392700,2223.066608,2.075243,/Users/pedrorebollo/projetos/traje_disc/experimento_v4/outputs/routes/route_3b0b280b9af1.csv
5bf6ec96c68f,023,circular,4911,5,5,5,16267,90,5.000000,250.000000,1.250000,19800,38.178766,0,1,loop_fechado,1,92.752198,37.099126,77.519236,11.806472,2937.826505,2.472476,/Users/pedrorebollo/projetos/traje_disc/experimento_v4/outputs/routes/route_5bf6ec96c68f.csv
6049f29e452b,023,circular,4911,5,5,5,16267,90,5.000000,250.000000,1.500000,20468,38.136328,0,1,loop_fechado,1,92.395648,38.699257,95.885892,13.341999,3124.844661,2.663002,/Users/pedrorebollo/projetos/traje_disc/experimento_v4/outputs/routes/route_6049f29e452b.csv
15ce9ea2a68b,023,circular,4911,5,5,5,16267,90,5.000000,250.000000,2.000000,2596,36.493783,0,1,loop_fechado,1,83.076166,43.237715,105.074570,18.314706,329.869072,0.358648,/Users/pedrorebollo/projetos/traje_disc/experimento_v4/outputs/routes/route_15ce9ea2a68b.csv
4e39de4d69c2,023,circular,4911,5,5,5,16267,180,5.000000,250.000000,1.100000,15948,38.896256,0,1,loop_fechado,1,92.057540,37.266754,74.712177,12.357099,2193.271712,3.893464,/Users/pedrorebollo/projetos/traje_disc/experimento_v4/outputs/routes/route_4e39de4d69c2.csv
3de12fcd70b8,023,circular,4911,5,5,5,16267,180,5.000000,250.000000,1.250000,19900,38.018158,0,1,loop_fechado,1,92.967357,37.968793,76.193680,12.921668,2924.181967,4.673472,/Users/pedrorebollo/projetos/traje_disc/experimento_v4/outputs/routes/route_3de12fcd70b8.csv
3f01c47756cb,023,circular,4911,5,5,5,16267,180,5.000000,250.000000,1.500000,20572,38.093421,0,1,loop_fechado,1,92.364911,38.705473,96.113391,13.092554,3105.675685,4.829467,/Users/pedrorebollo/projetos/traje_disc/experimento_v4/outputs/routes/route_3f01c47756cb.csv
b6f8e47fe1a2,023,circular,4911,5,5,5,16267,180,5.000000,250.000000,2.000000,3608,37.076054,0,1,loop_fechado,1,86.740026,39.571082,95.511434,15.957529,417.434613,0.921023,/Users/pedrorebollo/projetos/traje_disc/experimento_v4/outputs/routes/route_b6f8e47fe1a2.csv
c31f66261c92,023,circular,4911,5,5,5,16267,360,5.000000,250.000000,1.100000,16004,38.040988,0,1,loop_fechado,1,92.912030,35.986335,57.576556,11.205590,2214.766687,7.561006,/Users/pedrorebollo/projetos/traje_disc/experimento_v4/outputs/routes/route_c31f66261c92.csv
f049684da10c,023,circular,4911,5,5,5,16267,360,5.000000,250.000000,1.250000,19740,38.038667,0,1,loop_fechado,1,92.659986,37.189846,78.957245,11.777253,2852.967847,9.027106,/Users/pedrorebollo/projetos/traje_disc/experimento_v4/outputs/routes/route_f049684da10c.csv
d76cf834b75c,023,circular,4911,5,5,5,16267,360,5.000000,250.000000,1.500000,20684,38.115804,0,1,loop_fechado,1,92.487859,38.668021,96.596408,13.218775,3159.265347,9.462361,/Users/pedrorebollo/projetos/traje_disc/experimento_v4/outputs/routes/route_d76cf834b75c.csv
f4f4bd4768b2,023,circular,4911,5,5,5,16267,360,5.000000,250.000000,2.000000,2848,37.148619,0,1,loop_fechado,1,83.979836,42.566037,91.820530,18.523162,360.566251,1.414883,/Users/pedrorebollo/projetos/traje_disc/experimento_v4/outputs/routes/route_f4f4bd4768b2.csv
27670cbe200a,023,circular,4911,5,5,5,16267,90,10.000000,250.000000,1.100000,10488,38.074287,0,1,loop_fechado,1,91.891560,38.140825,89.117478,12.834596,1131.768203,1.320750,/Users/pedrorebollo/projetos/traje_disc/experimento_v4/outputs/routes/route_27670cbe200a.csv
96e24b3d45c6,023,circular,4911,5,5,5,16267,90,10.000000,250.000000,1.250000,12256,37.735554,0,1,loop_fechado,1,92.813672,38.079501,74.833586,14.373918,1410.043948,1.525485,/Users/pedrorebollo/projetos/traje_disc/experimento_v4/outputs/routes/route_96e24b3d45c6.csv
0217a0ea09de,023,circular,4911,5,5,5,16267,90,10.000000,250.000000,1.500000,12524,38.499803,0,1,loop_fechado,1,92.832114,37.746340,65.680153,16.596651,1459.017702,1.552469,/Users/pedrorebollo/projetos/traje_disc/experimento_v4/outputs/routes/route_0217a0ea09de.csv
048ec112a170,023,circular,4911,5,5,5,16267,90,10.000000,250.000000,2.000000,3104,36.900581,0,1,loop_fechado,1,84.385566,40.128026,96.115897,18.440876,343.294088,0.429651,/Users/pedrorebollo/projetos/traje_disc/experimento_v4/outputs/routes/route_048ec112a170.csv
882a91335e65,023,circular,4911,5,5,5,16267,180,10.000000,250.000000,1.100000,10416,38.131590,0,1,loop_fechado,1,91.362882,38.433480,68.472026,15.508815,1146.431005,2.487996,/Users/pedrorebollo/projetos/traje_disc/experimento_v4/outputs/routes/route_882a91335e65.csv
78a1847f5a45,023,circular,4911,5,5,5,16267,180,10.000000,250.000000,1.250000,12252,37.643237,0,1,loop_fechado,1,92.524743,38.130093,77.828215,14.159475,1398.440754,2.878008,/Users/pedrorebollo/projetos/traje_disc/experimento_v4/outputs/routes/route_78a1847f5a45.csv
0cc73e0d5bd4,023,circular,4911,5,5,5,16267,180,10.000000,250.000000,1.500000,12500,38.299593,0,1,loop_fechado,1,93.108748,35.908946,59.036091,11.987278,1413.515441,2.954524,/Users/pedrorebollo/projetos/traje_disc/experimento_v4/outputs/routes/route_0cc73e0d5bd4.csv
3876e8b2cfa1,023,circular,4911,5,5,5,16267,180,10.000000,250.000000,2.000000,2968,36.977897,0,1,loop_fechado,1,84.311797,39.983227,90.476434,20.137550,317.045289,0.798448,/Users/pedrorebollo/projetos/traje_disc/experimento_v4/outputs/routes/route_3876e8b2cfa1.csv
20a3030f352a,023,circular,4911,5,5,5,16267,360,10.000000,250.000000,1.100000,10496,38.153609,0,1,loop_fechado,1,91.774759,38.158796,69.455331,15.823235,1110.921767,4.894084,/Users/pedrorebollo/projetos/traje_disc/experimento_v4/outputs/routes/route_20a3030f352a.csv
902c94fa1dfb,023,circular,4911,5,5,5,16267,360,10.000000,250.000000,1.250000,12188,38.473242,0,1,loop_fechado,1,92.918178,37.006207,71.458129,13.309787,1318.825781,5.520624,/Users/pedrorebollo/projetos/traje_disc/experimento_v4/outputs/routes/route_902c94fa1dfb.csv
0c42e34c8783,023,circular,4911,5,5,5,16267,360,10.000000,250.000000,1.500000,12572,38.371941,0,1,loop_fechado,1,93.379234,35.683178,50.588781,12.190254,1406.283795,5.648125,/Users/pedrorebollo/projetos/traje_disc/experimento_v4/outputs/routes/route_0c42e34c8783.csv
fa5dc7f4aca2,023,circular,4911,5,5,5,16267,360,10.000000,250.000000,2.000000,3180,36.967984,0,1,loop_fechado,1,85.572017,41.755587,101.902299,15.372960,346.526827,1.566462,/Users/pedrorebollo/projetos/traje_disc/experimento_v4/outputs/routes/route_fa5dc7f4aca2.csv
4871b70906be,023,circular,4911,5,5,5,16267,90,20.000000,250.000000,1.100000,6440,37.362601,0,1,loop_fechado,1,91.811643,38.650349,75.220316,16.317303,536.629121,0.805281,/Users/pedrorebollo/projetos/traje_disc/experimento_v4/outputs/routes/route_4871b70906be.csv
049f3fed49d2,023,circular,4911,5,5,5,16267,90,20.000000,250.000000,1.250000,6936,37.481112,0,1,loop_fechado,1,92.100572,38.540774,80.695464,15.888604,609.749974,0.845654,/Users/pedrorebollo/projetos/traje_disc/experimento_v4/outputs/routes/route_049f3fed49d2.csv
d57252af6280,023,circular,4911,5,5,5,16267,90,20.000000,250.000000,1.500000,6908,36.558693,0,1,loop_fechado,1,91.731727,39.285959,96.792900,14.652524,569.729410,0.836159,/Users/pedrorebollo/projetos/traje_disc/experimento_v4/outputs/routes/route_d57252af6280.csv
c7b0864e61ef,023,circular,4911,5,5,5,16267,90,20.000000,250.000000,2.000000,2676,36.867860,0,1,loop_fechado,1,83.992131,40.183901,85.346849,22.353033,262.989844,0.370312,/Users/pedrorebollo/projetos/traje_disc/experimento_v4/outputs/routes/route_c7b0864e61ef.csv
c136d47f47b9,023,circular,4911,5,5,5,16267,180,20.000000,250.000000,1.100000,6400,37.340113,0,1,loop_fechado,1,91.535010,38.710265,76.878327,16.678073,523.279877,1.492159,/Users/pedrorebollo/projetos/traje_disc/experimento_v4/outputs/routes/route_c136d47f47b9.csv
30a7103257a6,023,circular,4911,5,5,5,16267,180,20.000000,250.000000,1.250000,6888,37.408407,0,1,loop_fechado,1,91.805496,39.129754,86.436774,15.610429,595.194461,1.597382,/Users/pedrorebollo/projetos/traje_disc/experimento_v4/outputs/routes/route_30a7103257a6.csv
ed0ce9784fd6,023,circular,4911,5,5,5,16267,180,20.000000,250.000000,1.500000,6884,36.587525,0,1,loop_fechado,1,91.731727,39.354482,98.285079,14.849356,578.258974,1.590073,/Users/pedrorebollo/projetos/traje_disc/experimento_v4/outputs/routes/route_ed0ce9784fd6.csv
f66f7ea9cf0e,023,circular,4911,5,5,5,16267,180,20.000000,250.000000,2.000000,2900,36.937585,0,0,passos_sem_dados,0,84.901949,39.717761,94.598051,14.799175,296.902986,0.740010,/Users/pedrorebollo/projetos/traje_disc/experimento_v4/outputs/routes/route_f66f7ea9cf0e.csv
48d56e3bb8f4,023,circular,4911,5,5,5,16267,360,20.000000,250.000000,1.100000,6420,37.306703,0,1,loop_fechado,1,91.399766,38.798417,76.235722,16.581895,547.412761,2.921932,/Users/pedrorebollo/projetos/traje_disc/experimento_v4/outputs/routes/route_48d56e3bb8f4.csv
abe21870a176,023,circular,4911,5,5,5,16267,360,20.000000,250.000000,1.250000,6824,37.283174,0,1,loop_fechado,1,91.639516,39.379589,96.416820,15.740888,571.826893,3.072382,/Users/pedrorebollo/projetos/traje_disc/experimento_v4/outputs/routes/route_abe21870a176.csv
ef16c96bf35e,023,circular,4911,5,5,5,16267,360,20.000000,250.000000,1.500000,6876,36.312074,0,1,loop_fechado,1,91.565747,43.767264,132.386654,19.646441,563.574161,3.075935,/Users/pedrorebollo/projetos/traje_disc/experimento_v4/outputs/routes/route_ef16c96bf35e.csv
4a939b1daca3,023,circular,4911,5,5,5,16267,360,20.000000,250.000000,2.000000,2880,36.768479,0,0,passos_sem_dados,0,84.582283,42.419312,113.778816,20.974138,282.219217,1.428330,/Users/pedrorebollo/projetos/traje_disc/experimento_v4/outputs/routes/route_4a939b1daca3.csv
1f27110cbd60,303,ida,2585,6,6,6,3870,90,5.000000,250.000000,1.100000,3172,19.006489,1,0,chegada_destino,1,86.666667,30.227699,78.945490,23.472550,835.417727,0.404285,/Users/pedrorebollo/projetos/traje_disc/experimento_v4/outputs/routes/route_1f27110cbd60.csv
60cbdf9b6e16,303,ida,2585,6,6,6,3870,90,5.000000,250.000000,1.250000,5516,19.043431,1,0,chegada_destino,1,88.630491,29.945598,70.818770,17.427384,1597.076286,0.618639,/Users/pedrorebollo/projetos/traje_disc/experimento_v4/outputs/routes/route_60cbdf9b6e16.csv
ad4bfd46d006,303,ida,2585,6,6,6,3870,90,5.000000,250.000000,1.500000,6188,18.967511,1,0,chegada_destino,1,87.829457,32.089735,118.820173,16.060885,1777.353419,0.686163,/Users/pedrorebollo/projetos/traje_disc/experimento_v4/outputs/routes/route_ad4bfd46d006.csv
e04bb81dc491,303,ida,2585,6,6,6,3870,90,5.000000,250.000000,2.000000,712,18.333174,1,0,chegada_destino,1,64.806202,39.499861,104.487117,16.971023,286.367195,0.100794,/Users/pedrorebollo/projetos/traje_disc/experimento_v4/outputs/routes/route_e04bb81dc491.csv
a459a4a44175,303,ida,2585,6,6,6,3870,180,5.000000,250.000000,1.100000,3360,18.782823,1,0,chegada_destino,1,88.165375,30.014931,76.520811,21.288186,871.166867,0.801290,/Users/pedrorebollo/projetos/traje_disc/experimento_v4/outputs/routes/route_a459a4a44175.csv
5d259fd4c8d8,303,ida,2585,6,6,6,3870,180,5.000000,250.000000,1.250000,5504,19.037962,1,0,chegada_destino,1,88.630491,29.730268,67.289186,17.096256,1553.269734,1.193599,/Users/pedrorebollo/projetos/traje_disc/experimento_v4/outputs/routes/route_5d259fd4c8d8.csv
6b83a037d8b0,303,ida,2585,6,6,6,3870,180,5.000000,250.000000,1.500000,6268,19.072519,1,0,chegada_destino,1,88.346253,28.539607,49.632653,14.334133,1777.387329,1.318715,/Users/pedrorebollo/projetos/traje_disc/experimento_v4/outputs/routes/route_6b83a037d8b0.csv
337d3a6aee3b,303,ida,2585,6,6,6,3870,180,5.000000,250.000000,2.000000,140,3.215127,0,0,passos_sem_dados,0,9.767442,5387.851204,12447.293501,22.012414,588.283444,0.063034,/Users/pedrorebollo/projetos/traje_disc/experimento_v4/outputs/routes/route_337d3a6aee3b.csv
8de720d52f16,303,ida,2585,6,6,6,3870,360,5.000000,250.000000,1.100000,3252,18.874850,1,0,chegada_destino,1,88.087855,29.945465,75.994393,22.646581,887.067231,1.515180,/Users/pedrorebollo/projetos/traje_disc/experimento_v4/outputs/routes/route_8de720d52f16.csv
108907fdf6bf,303,ida,2585,6,6,6,3870,360,5.000000,250.000000,1.250000,5480,19.008022,1,0,chegada_destino,1,88.708010,29.615810,62.276712,17.487915,1520.691518,2.286412,/Users/pedrorebollo/projetos/traje_disc/experimento_v4/outputs/routes/route_108907fdf6bf.csv
5b85d3d54428,303,ida,2585,6,6,6,3870,360,5.000000,250.000000,1.500000,6264,18.987086,1,0,chegada_destino,1,88.552972,28.692818,49.321203,14.834267,1736.769045,2.601033,/Users/pedrorebollo/projetos/traje_disc/experimento_v4/outputs/routes/route_5b85d3d54428.csv
10709ef63674,303,ida,2585,6,6,6,3870,360,5.000000,250.000000,2.000000,140,3.213798,0,0,passos_sem_dados,0,9.767442,5388.097231,12445.517526,22.191700,587.122421,0.119669,/Users/pedrorebollo/projetos/traje_disc/experimento_v4/outputs/routes/route_10709ef63674.csv
f937ac3a32e2,303,ida,2585,6,6,6,3870,90,10.000000,250.000000,1.100000,3160,18.659126,1,0,chegada_destino,1,88.165375,30.188768,81.551598,20.399973,734.892283,0.388966,/Users/pedrorebollo/projetos/traje_disc/experimento_v4/outputs/routes/route_f937ac3a32e2.csv
a53489062408,303,ida,2585,6,6,6,3870,90,10.000000,250.000000,1.250000,4372,19.044480,1,0,chegada_destino,1,88.888889,29.715919,67.747347,17.464875,1134.148111,0.514611,/Users/pedrorebollo/projetos/traje_disc/experimento_v4/outputs/routes/route_a53489062408.csv
3ac675697446,303,ida,2585,6,6,6,3870,90,10.000000,250.000000,1.500000,4724,18.871137,1,0,chegada_destino,1,89.121447,29.771163,76.689746,15.253999,1169.766695,0.539230,/Users/pedrorebollo/projetos/traje_disc/experimento_v4/outputs/routes/route_3ac675697446.csv
7dcd6a6b6f92,303,ida,2585,6,6,6,3870,90,10.000000,250.000000,2.000000,140,3.219632,0,0,passos_sem_dados,0,9.586563,5389.742821,12447.537329,22.437330,596.410944,0.031403,/Users/pedrorebollo/projetos/traje_disc/experimento_v4/outputs/routes/route_7dcd6a6b6f92.csv
d5e3c96ba550,303,ida,2585,6,6,6,3870,180,10.000000,250.000000,1.100000,3024,19.002809,1,0,chegada_destino,1,85.968992,31.008042,87.353978,22.390329,753.905956,0.716252,/Users/pedrorebollo/projetos/traje_disc/experimento_v4/outputs/routes/route_d5e3c96ba550.csv
ddf7312ae8c8,303,ida,2585,6,6,6,3870,180,10.000000,250.000000,1.250000,4396,18.863670,1,0,chegada_destino,1,88.165375,30.348370,86.334345,17.322074,1069.976338,0.980345,/Users/pedrorebollo/projetos/traje_disc/experimento_v4/outputs/routes/route_ddf7312ae8c8.csv
3f8334b45fe3,303,ida,2585,6,6,6,3870,180,10.000000,250.000000,1.500000,4644,18.668398,1,0,chegada_destino,1,87.777778,32.889966,125.946599,16.202596,1165.886261,1.030918,/Users/pedrorebollo/projetos/traje_disc/experimento_v4/outputs/routes/route_3f8334b45fe3.csv
d818f139dd43,303,ida,2585,6,6,6,3870,180,10.000000,250.000000,2.000000,140,3.221843,0,0,passos_sem_dados,0,9.844961,5388.813179,12448.221326,22.045482,595.606582,0.061029,/Users/pedrorebollo/projetos/traje_disc/experimento_v4/outputs/routes/route_d818f139dd43.csv
7a81087b81ba,303,ida,2585,6,6,6,3870,360,10.000000,250.000000,1.100000,3224,18.766387,1,0,chegada_destino,1,88.630491,29.727370,73.540535,21.517226,827.121022,1.506385,/Users/pedrorebollo/projetos/traje_disc/experimento_v4/outputs/routes/route_7a81087b81ba.csv
d213870fcb6d,303,ida,2585,6,6,6,3870,360,10.000000,250.000000,1.250000,4232,18.701160,1,0,chegada_destino,1,88.217054,31.094620,91.922345,17.849606,1024.038847,1.847288,/Users/pedrorebollo/projetos/traje_disc/experimento_v4/outputs/routes/route_d213870fcb6d.csv
a9a41d8230ff,303,ida,2585,6,6,6,3870,360,10.000000,250.000000,1.500000,4736,18.711039,1,0,chegada_destino,1,88.268734,31.242207,105.893649,15.101770,1172.120953,2.033826,/Users/pedrorebollo/projetos/traje_disc/experimento_v4/outputs/routes/route_a9a41d8230ff.csv
fd183a07feed,303,ida,2585,6,6,6,3870,360,10.000000,250.000000,2.000000,144,3.220763,0,0,passos_sem_dados,0,9.767442,5386.887933,12444.998196,21.498725,690.188604,0.119286,/Users/pedrorebollo/projetos/traje_disc/experimento_v4/outputs/routes/route_fd183a07feed.csv
3aca9d7e6c36,303,ida,2585,6,6,6,3870,90,20.000000,250.000000,1.100000,2384,18.711035,1,0,chegada_destino,1,87.932817,29.743768,64.498348,18.536445,467.662182,0.308107,/Users/pedrorebollo/projetos/traje_disc/experimento_v4/outputs/routes/route_3aca9d7e6c36.csv
6987371437d6,303,ida,2585,6,6,6,3870,90,20.000000,250.000000,1.250000,2992,18.672962,1,0,chegada_destino,1,88.268734,30.577217,79.609269,15.896371,635.431838,0.358819,/Users/pedrorebollo/projetos/traje_disc/experimento_v4/outputs/routes/route_6987371437d6.csv
862cd3462efc,303,ida,2585,6,6,6,3870,90,20.000000,250.000000,1.500000,3068,18.689965,1,0,chegada_destino,1,88.346253,29.827341,63.628272,15.450871,635.682602,0.364581,/Users/pedrorebollo/projetos/traje_disc/experimento_v4/outputs/routes/route_862cd3462efc.csv
8048c35c5ed9,303,ida,2585,6,6,6,3870,90,20.000000,250.000000,2.000000,128,3.151128,0,0,passos_sem_dados,0,8.578811,5390.501888,12447.743869,24.439741,577.005394,0.028279,/Users/pedrorebollo/projetos/traje_disc/experimento_v4/outputs/routes/route_8048c35c5ed9.csv
f0dfc9a7c412,303,ida,2585,6,6,6,3870,180,20.000000,250.000000,1.100000,2356,18.821260,1,0,chegada_destino,1,86.925065,30.196015,71.730843,18.543839,480.051295,0.576883,/Users/pedrorebollo/projetos/traje_disc/experimento_v4/outputs/routes/route_f0dfc9a7c412.csv
27eb93de1b94,303,ida,2585,6,6,6,3870,180,20.000000,250.000000,1.250000,3000,18.846731,1,0,chegada_destino,1,88.940568,29.590657,66.416396,15.952609,657.411107,0.700917,/Users/pedrorebollo/projetos/traje_disc/experimento_v4/outputs/routes/route_27eb93de1b94.csv
faf5a135ba79,303,ida,2585,6,6,6,3870,180,20.000000,250.000000,1.500000,3100,18.625975,1,0,chegada_destino,1,87.881137,29.964839,71.878336,15.314194,600.687766,0.704393,/Users/pedrorebollo/projetos/traje_disc/experimento_v4/outputs/routes/route_faf5a135ba79.csv
982b2c7c2fb6,303,ida,2585,6,6,6,3870,180,20.000000,250.000000,2.000000,764,18.287814,1,0,chegada_destino,1,71.653747,35.152102,81.631730,16.695918,288.282410,0.202714,/Users/pedrorebollo/projetos/traje_disc/experimento_v4/outputs/routes/route_982b2c7c2fb6.csv
8035c412db4c,303,ida,2585,6,6,6,3870,360,20.000000,250.000000,1.100000,2404,18.727642,1,0,chegada_destino,1,87.855297,29.261001,53.938396,18.309003,476.660541,1.153107,/Users/pedrorebollo/projetos/traje_disc/experimento_v4/outputs/routes/route_8035c412db4c.csv
90ab04609f66,303,ida,2585,6,6,6,3870,360,20.000000,250.000000,1.250000,3012,18.664544,1,0,chegada_destino,1,88.475452,30.207325,81.162577,15.643871,700.013269,1.394262,/Users/pedrorebollo/projetos/traje_disc/experimento_v4/outputs/routes/route_90ab04609f66.csv
8cc265999836,303,ida,2585,6,6,6,3870,360,20.000000,250.000000,1.500000,3136,18.813400,1,0,chegada_destino,1,88.397933,30.037084,74.988672,15.079976,617.739050,1.407670,/Users/pedrorebollo/projetos/traje_disc/experimento_v4/outputs/routes/route_8cc265999836.csv
b5a98aad9082,303,ida,2585,6,6,6,3870,360,20.000000,250.000000,2.000000,700,18.385064,1,0,chegada_destino,1,64.521964,38.670271,102.194963,16.889484,296.600499,0.358351,/Users/pedrorebollo/projetos/traje_disc/experimento_v4/outputs/routes/route_b5a98aad9082.csv
e781ff569a04,303,volta,3617,3,3,3,3267,90,5.000000,250.000000,1.100000,3108,18.221475,1,0,chegada_destino,1,91.490664,11.838605,55.505294,4.578054,655.242115,0.341294,/Users/pedrorebollo/projetos/traje_disc/experimento_v4/outputs/routes/route_e781ff569a04.csv
1eecc2b2d51f,303,volta,3617,3,3,3,3267,90,5.000000,250.000000,1.250000,5072,18.388174,1,0,chegada_destino,1,91.184573,11.493161,49.036618,4.494236,1338.042533,0.530966,/Users/pedrorebollo/projetos/traje_disc/experimento_v4/outputs/routes/route_1eecc2b2d51f.csv
ace92bc3314a,303,volta,3617,3,3,3,3267,90,5.000000,250.000000,1.500000,5544,18.337505,1,0,chegada_destino,1,91.184573,11.239179,48.161916,4.460845,1479.558382,0.571660,/Users/pedrorebollo/projetos/traje_disc/experimento_v4/outputs/routes/route_ace92bc3314a.csv
ccf473b058c7,303,volta,3617,3,3,3,3267,90,5.000000,250.000000,2.000000,652,17.978147,1,0,chegada_destino,1,75.971840,14.252884,48.142667,9.458907,188.710261,0.084641,/Users/pedrorebollo/projetos/traje_disc/experimento_v4/outputs/routes/route_ccf473b058c7.csv
3ea06ed5043c,303,volta,3617,3,3,3,3267,180,5.000000,250.000000,1.100000,3152,18.154567,1,0,chegada_destino,1,91.888583,11.552317,54.459194,4.514560,678.200052,0.659222,/Users/pedrorebollo/projetos/traje_disc/experimento_v4/outputs/routes/route_3ea06ed5043c.csv
394c040b05c3,303,volta,3617,3,3,3,3267,180,5.000000,250.000000,1.250000,5012,18.369870,1,0,chegada_destino,1,91.398837,11.580603,53.007584,4.513068,1266.665477,0.993432,/Users/pedrorebollo/projetos/traje_disc/experimento_v4/outputs/routes/route_394c040b05c3.csv
c07da8530368,303,volta,3617,3,3,3,3267,180,5.000000,250.000000,1.500000,5540,18.366068,1,0,chegada_destino,1,91.215182,11.327843,49.179086,4.567276,1514.618348,1.102335,/Users/pedrorebollo/projetos/traje_disc/experimento_v4/outputs/routes/route_c07da8530368.csv
58257cf43830,303,volta,3617,3,3,3,3267,180,5.000000,250.000000,2.000000,620,18.028060,1,0,chegada_destino,1,80.257117,13.163479,43.859363,9.199979,182.184286,0.154354,/Users/pedrorebollo/projetos/traje_disc/experimento_v4/outputs/routes/route_58257cf43830.csv
ff710660eb3b,303,volta,3617,3,3,3,3267,360,5.000000,250.000000,1.100000,3152,18.221498,1,0,chegada_destino,1,91.735537,11.611983,54.827741,4.578642,664.699957,1.282516,/Users/pedrorebollo/projetos/traje_disc/experimento_v4/outputs/routes/route_ff710660eb3b.csv
c8a66b7189ee,303,volta,3617,3,3,3,3267,360,5.000000,250.000000,1.250000,5172,18.394528,1,0,chegada_destino,1,90.786654,11.498909,50.213355,4.445910,1375.234414,2.013271,/Users/pedrorebollo/projetos/traje_disc/experimento_v4/outputs/routes/route_c8a66b7189ee.csv
75e786cbaafc,303,volta,3617,3,3,3,3267,360,5.000000,250.000000,1.500000,5588,18.335252,1,0,chegada_destino,1,90.756045,11.386383,49.112569,4.543277,1471.416098,2.166762,/Users/pedrorebollo/projetos/traje_disc/experimento_v4/outputs/routes/route_75e786cbaafc.csv
f936fc3171da,303,volta,3617,3,3,3,3267,360,5.000000,250.000000,2.000000,652,17.993899,1,0,chegada_destino,1,78.083869,12.624753,42.955942,8.811301,191.688094,0.315511,/Users/pedrorebollo/projetos/traje_disc/experimento_v4/outputs/routes/route_f936fc3171da.csv
482a0516358c,303,volta,3617,3,3,3,3267,90,10.000000,250.000000,1.100000,2712,18.121927,1,0,chegada_destino,1,91.368228,11.723525,51.848150,4.719496,536.949774,0.308322,/Users/pedrorebollo/projetos/traje_disc/experimento_v4/outputs/routes/route_482a0516358c.csv
e0801a949eea,303,volta,3617,3,3,3,3267,90,10.000000,250.000000,1.250000,4020,18.277854,1,0,chegada_destino,1,90.541781,11.524243,48.506782,4.615208,832.931400,0.430826,/Users/pedrorebollo/projetos/traje_disc/experimento_v4/outputs/routes/route_e0801a949eea.csv
d30b966d035b,303,volta,3617,3,3,3,3267,90,10.000000,250.000000,1.500000,4472,18.283890,1,0,chegada_destino,1,92.194674,11.498263,60.259637,4.331677,1041.003033,0.478123,/Users/pedrorebollo/projetos/traje_disc/experimento_v4/outputs/routes/route_d30b966d035b.csv
9613a3c6515d,303,volta,3617,3,3,3,3267,90,10.000000,250.000000,2.000000,628,17.954017,1,0,chegada_destino,1,76.951331,13.917349,42.779703,9.052795,173.646319,0.079257,/Users/pedrorebollo/projetos/traje_disc/experimento_v4/outputs/routes/route_9613a3c6515d.csv
cbdd09878489,303,volta,3617,3,3,3,3267,180,10.000000,250.000000,1.100000,2768,18.134773,1,0,chegada_destino,1,91.398837,11.638338,52.248983,4.670277,555.255446,0.601536,/Users/pedrorebollo/projetos/traje_disc/experimento_v4/outputs/routes/route_cbdd09878489.csv
fc2cdedd24ba,303,volta,3617,3,3,3,3267,180,10.000000,250.000000,1.250000,4064,18.288165,1,0,chegada_destino,1,91.245791,11.510351,51.671533,4.608560,823.602301,0.833207,/Users/pedrorebollo/projetos/traje_disc/experimento_v4/outputs/routes/route_fc2cdedd24ba.csv
cb06a371ca2e,303,volta,3617,3,3,3,3267,180,10.000000,250.000000,1.500000,4428,18.266548,1,0,chegada_destino,1,92.011019,11.505592,55.405250,4.588536,1037.567513,0.904753,/Users/pedrorebollo/projetos/traje_disc/experimento_v4/outputs/routes/route_cb06a371ca2e.csv
e464607c53e8,303,volta,3617,3,3,3,3267,180,10.000000,250.000000,2.000000,616,18.034962,1,0,chegada_destino,1,80.042853,12.780305,47.323560,9.358887,179.778462,0.151684,/Users/pedrorebollo/projetos/traje_disc/experimento_v4/outputs/routes/route_e464607c53e8.csv
4dc97f714fba,303,volta,3617,3,3,3,3267,360,10.000000,250.000000,1.100000,2780,18.096839,1,0,chegada_destino,1,91.521273,11.752203,53.297686,4.570231,517.207993,1.167615,/Users/pedrorebollo/projetos/traje_disc/experimento_v4/outputs/routes/route_4dc97f714fba.csv
04ca1245dddc,303,volta,3617,3,3,3,3267,360,10.000000,250.000000,1.250000,4056,18.311971,1,0,chegada_destino,1,90.817264,11.510360,47.753504,4.589397,842.692644,1.624686,/Users/pedrorebollo/projetos/traje_disc/experimento_v4/outputs/routes/route_04ca1245dddc.csv
56dc5e35b9c3,303,volta,3617,3,3,3,3267,360,10.000000,250.000000,1.500000,4448,18.137095,1,0,chegada_destino,1,92.011019,11.119621,43.560545,4.394165,1026.693714,1.784206,/Users/pedrorebollo/projetos/traje_disc/experimento_v4/outputs/routes/route_56dc5e35b9c3.csv
32e0f551f7b5,303,volta,3617,3,3,3,3267,360,10.000000,250.000000,2.000000,604,17.904084,1,0,chegada_destino,1,80.808081,14.055958,54.870984,8.518521,159.401790,0.284981,/Users/pedrorebollo/projetos/traje_disc/experimento_v4/outputs/routes/route_32e0f551f7b5.csv
3ed8b8b4229e,303,volta,3617,3,3,3,3267,90,20.000000,250.000000,1.100000,2096,18.243670,1,0,chegada_destino,1,89.990817,12.290804,61.425660,4.991856,361.546146,0.236603,/Users/pedrorebollo/projetos/traje_disc/experimento_v4/outputs/routes/route_3ed8b8b4229e.csv
8870d1b2be4c,303,volta,3617,3,3,3,3267,90,20.000000,250.000000,1.250000,2764,18.262829,1,0,chegada_destino,1,91.766146,11.904271,53.402817,4.798695,478.815631,0.302062,/Users/pedrorebollo/projetos/traje_disc/experimento_v4/outputs/routes/route_8870d1b2be4c.csv
8c132aa7a858,303,volta,3617,3,3,3,3267,90,20.000000,250.000000,1.500000,2864,18.202474,1,0,chegada_destino,1,89.807163,11.901590,49.662158,4.658285,507.222339,0.314204,/Users/pedrorebollo/projetos/traje_disc/experimento_v4/outputs/routes/route_8c132aa7a858.csv
dd555447134e,303,volta,3617,3,3,3,3267,90,20.000000,250.000000,2.000000,632,17.966892,1,0,chegada_destino,1,76.094276,14.474290,52.062397,9.619980,184.868723,0.080216,/Users/pedrorebollo/projetos/traje_disc/experimento_v4/outputs/routes/route_dd555447134e.csv
8aa15953bf61,303,volta,3617,3,3,3,3267,180,20.000000,250.000000,1.100000,2132,18.122925,1,0,chegada_destino,1,89.562290,11.813517,49.244045,5.109166,364.035450,0.493530,/Users/pedrorebollo/projetos/traje_disc/experimento_v4/outputs/routes/route_8aa15953bf61.csv
fb3e215f14a4,303,volta,3617,3,3,3,3267,180,20.000000,250.000000,1.250000,2800,18.312896,1,0,chegada_destino,1,92.072238,10.777257,48.510382,4.689280,509.424913,0.596400,/Users/pedrorebollo/projetos/traje_disc/experimento_v4/outputs/routes/route_fb3e215f14a4.csv
363a3335e659,303,volta,3617,3,3,3,3267,180,20.000000,250.000000,1.500000,2836,18.225105,1,0,chegada_destino,1,89.745944,12.218038,60.766633,4.797870,526.146849,0.605721,/Users/pedrorebollo/projetos/traje_disc/experimento_v4/outputs/routes/route_363a3335e659.csv
f35640f1fb2c,303,volta,3617,3,3,3,3267,180,20.000000,250.000000,2.000000,632,17.971040,1,0,chegada_destino,1,78.696051,13.825421,47.960253,9.162150,179.833050,0.154710,/Users/pedrorebollo/projetos/traje_disc/experimento_v4/outputs/routes/route_f35640f1fb2c.csv
6c7e7155c27f,303,volta,3617,3,3,3,3267,360,20.000000,250.000000,1.100000,2112,18.100975,1,0,chegada_destino,1,90.021426,11.982518,49.422396,4.956357,359.424762,0.903962,/Users/pedrorebollo/projetos/traje_disc/experimento_v4/outputs/routes/route_6c7e7155c27f.csv
979a91f7291d,303,volta,3617,3,3,3,3267,360,20.000000,250.000000,1.250000,2796,18.309147,1,0,chegada_destino,1,91.919192,10.837046,48.593581,4.876846,499.636048,1.165486,/Users/pedrorebollo/projetos/traje_disc/experimento_v4/outputs/routes/route_979a91f7291d.csv
d95e0e1eb780,303,volta,3617,3,3,3,3267,360,20.000000,250.000000,1.500000,2856,18.323878,1,0,chegada_destino,1,90.082645,12.313220,70.919690,4.978310,509.425870,1.197048,/Users/pedrorebollo/projetos/traje_disc/experimento_v4/outputs/routes/route_d95e0e1eb780.csv
45dca0398432,303,volta,3617,3,3,3,3267,360,20.000000,250.000000,2.000000,632,17.972628,1,0,chegada_destino,1,76.247322,13.247193,44.897293,9.041347,183.458463,0.301478,/Users/pedrorebollo/projetos/traje_disc/experimento_v4/outputs/routes/route_45dca0398432.csv
9a7bb4fa315e,203,ida,3855,1,1,1,1553,90,5.000000,250.000000,1.100000,2132,16.225334,1,0,chegada_destino,1,93.754024,14.925939,22.239204,4.654457,331.087599,0.219846,/Users/pedrorebollo/projetos/traje_disc/experimento_v4/outputs/routes/route_9a7bb4fa315e.csv
d22d7f0dc9ff,203,ida,3855,1,1,1,1553,90,5.000000,250.000000,1.250000,2984,16.232782,1,0,chegada_destino,1,94.204765,13.922216,21.081026,4.896049,512.670610,0.286386,/Users/pedrorebollo/projetos/traje_disc/experimento_v4/outputs/routes/route_d22d7f0dc9ff.csv
f3592f30628e,203,ida,3855,1,1,1,1553,90,5.000000,250.000000,1.500000,3036,16.224378,1,0,chegada_destino,1,93.432067,14.654952,28.297989,4.906306,569.152439,0.291172,/Users/pedrorebollo/projetos/traje_disc/experimento_v4/outputs/routes/route_f3592f30628e.csv
8676c864f7fa,203,ida,3855,1,1,1,1553,90,5.000000,250.000000,2.000000,688,16.266334,1,0,chegada_destino,1,90.920798,14.509371,28.919206,6.096972,93.006851,0.082333,/Users/pedrorebollo/projetos/traje_disc/experimento_v4/outputs/routes/route_8676c864f7fa.csv
3141eb33cd11,203,ida,3855,1,1,1,1553,180,5.000000,250.000000,1.100000,2068,16.204939,1,0,chegada_destino,1,93.818416,14.909103,23.785527,4.768789,305.334561,0.408658,/Users/pedrorebollo/projetos/traje_disc/experimento_v4/outputs/routes/route_3141eb33cd11.csv
ccec310b3778,203,ida,3855,1,1,1,1553,180,5.000000,250.000000,1.250000,2992,16.223017,1,0,chegada_destino,1,94.140373,13.874337,22.420918,4.753100,518.792902,0.550073,/Users/pedrorebollo/projetos/traje_disc/experimento_v4/outputs/routes/route_ccec310b3778.csv
d91de3be97b5,203,ida,3855,1,1,1,1553,180,5.000000,250.000000,1.500000,3020,16.239762,1,0,chegada_destino,1,93.689633,14.586683,29.003797,4.931453,552.239246,0.555620,/Users/pedrorebollo/projetos/traje_disc/experimento_v4/outputs/routes/route_d91de3be97b5.csv
1ad8b339c248,203,ida,3855,1,1,1,1553,180,5.000000,250.000000,2.000000,572,16.312015,1,0,chegada_destino,1,87.830006,15.636811,38.641924,8.018169,110.983106,0.132720,/Users/pedrorebollo/projetos/traje_disc/experimento_v4/outputs/routes/route_1ad8b339c248.csv
f0fc1fc5dc44,203,ida,3855,1,1,1,1553,360,5.000000,250.000000,1.100000,2132,16.203038,1,0,chegada_destino,1,93.882807,14.830569,21.508784,4.907643,335.708002,0.824565,/Users/pedrorebollo/projetos/traje_disc/experimento_v4/outputs/routes/route_f0fc1fc5dc44.csv
fc9a5668e355,203,ida,3855,1,1,1,1553,360,5.000000,250.000000,1.250000,2964,16.230641,1,0,chegada_destino,1,94.269156,13.850782,21.754518,4.792150,507.681427,1.078868,/Users/pedrorebollo/projetos/traje_disc/experimento_v4/outputs/routes/route_fc9a5668e355.csv
6aaa7d72b83e,203,ida,3855,1,1,1,1553,360,5.000000,250.000000,1.500000,2988,16.194518,1,0,chegada_destino,1,93.238892,14.712391,29.173487,4.886661,536.406307,1.072641,/Users/pedrorebollo/projetos/traje_disc/experimento_v4/outputs/routes/route_6aaa7d72b83e.csv
bea278ceba35,203,ida,3855,1,1,1,1553,360,5.000000,250.000000,2.000000,640,16.276944,1,0,chegada_destino,1,88.602704,15.281778,36.358573,6.959398,137.640687,0.287341,/Users/pedrorebollo/projetos/traje_disc/experimento_v4/outputs/routes/route_bea278ceba35.csv
4ae0cb7637d0,203,ida,3855,1,1,1,1553,90,10.000000,250.000000,1.100000,2120,16.329221,1,0,chegada_destino,1,93.754024,15.118196,23.208461,4.995591,350.547048,0.216086,/Users/pedrorebollo/projetos/traje_disc/experimento_v4/outputs/routes/route_4ae0cb7637d0.csv
13a5044e1559,203,ida,3855,1,1,1,1553,90,10.000000,250.000000,1.250000,2948,16.236235,1,0,chegada_destino,1,93.754024,15.057290,30.590242,4.865148,579.700333,0.286320,/Users/pedrorebollo/projetos/traje_disc/experimento_v4/outputs/routes/route_13a5044e1559.csv
e6ad3a641ba0,203,ida,3855,1,1,1,1553,90,10.000000,250.000000,1.500000,2984,16.258043,1,0,chegada_destino,1,93.560850,14.317871,20.897628,4.859597,562.387068,0.290329,/Users/pedrorebollo/projetos/traje_disc/experimento_v4/outputs/routes/route_e6ad3a641ba0.csv
453af0020d38,203,ida,3855,1,1,1,1553,90,10.000000,250.000000,2.000000,620,16.269834,1,0,chegada_destino,1,87.894398,15.775928,35.257116,7.274898,138.388305,0.075260,/Users/pedrorebollo/projetos/traje_disc/experimento_v4/outputs/routes/route_453af0020d38.csv
421414c83e79,203,ida,3855,1,1,1,1553,180,10.000000,250.000000,1.100000,2080,16.242447,1,0,chegada_destino,1,94.333548,13.750348,18.651691,4.869055,317.339717,0.405581,/Users/pedrorebollo/projetos/traje_disc/experimento_v4/outputs/routes/route_421414c83e79.csv
92b978489130,203,ida,3855,1,1,1,1553,180,10.000000,250.000000,1.250000,2956,16.247591,1,0,chegada_destino,1,93.689633,15.072021,29.100599,4.891703,573.294402,0.548792,/Users/pedrorebollo/projetos/traje_disc/experimento_v4/outputs/routes/route_92b978489130.csv
200cdafba40c,203,ida,3855,1,1,1,1553,180,10.000000,250.000000,1.500000,2912,16.213262,1,0,chegada_destino,1,93.303284,14.871133,27.445160,4.772621,492.590297,0.534856,/Users/pedrorebollo/projetos/traje_disc/experimento_v4/outputs/routes/route_200cdafba40c.csv
5fb92fabbbd9,203,ida,3855,1,1,1,1553,180,10.000000,250.000000,2.000000,616,16.277274,1,0,chegada_destino,1,90.148100,15.019347,36.026701,6.753024,116.290436,0.142378,/Users/pedrorebollo/projetos/traje_disc/experimento_v4/outputs/routes/route_5fb92fabbbd9.csv
a55b89b1c893,203,ida,3855,1,1,1,1553,360,10.000000,250.000000,1.100000,2084,16.342757,1,0,chegada_destino,1,94.655505,13.667670,16.713047,4.857823,334.023589,0.794762,/Users/pedrorebollo/projetos/traje_disc/experimento_v4/outputs/routes/route_a55b89b1c893.csv
ae6fada8611b,203,ida,3855,1,1,1,1553,360,10.000000,250.000000,1.250000,2896,16.212154,1,0,chegada_destino,1,93.303284,15.139672,29.058931,4.743486,512.099546,1.051356,/Users/pedrorebollo/projetos/traje_disc/experimento_v4/outputs/routes/route_ae6fada8611b.csv
2953756a959e,203,ida,3855,1,1,1,1553,360,10.000000,250.000000,1.500000,3048,16.224075,1,0,chegada_destino,1,93.238892,14.782325,28.982697,4.923494,564.167847,1.106708,/Users/pedrorebollo/projetos/traje_disc/experimento_v4/outputs/routes/route_2953756a959e.csv
fbc624dbf463,203,ida,3855,1,1,1,1553,360,10.000000,250.000000,2.000000,684,16.280144,1,0,chegada_destino,1,91.178364,14.586146,30.161469,6.328856,128.185335,0.304356,/Users/pedrorebollo/projetos/traje_disc/experimento_v4/outputs/routes/route_fbc624dbf463.csv
14d60d9a8bc0,203,ida,3855,1,1,1,1553,90,20.000000,250.000000,1.100000,1984,16.281058,1,0,chegada_destino,1,94.140373,14.040847,18.759234,4.758147,322.093570,0.205220,/Users/pedrorebollo/projetos/traje_disc/experimento_v4/outputs/routes/route_14d60d9a8bc0.csv
5f6f981c7fbf,203,ida,3855,1,1,1,1553,90,20.000000,250.000000,1.250000,2280,16.202117,1,0,chegada_destino,1,93.110109,15.167097,29.029366,4.726972,370.717626,0.230659,/Users/pedrorebollo/projetos/traje_disc/experimento_v4/outputs/routes/route_5f6f981c7fbf.csv
5a9ccc8db814,203,ida,3855,1,1,1,1553,90,20.000000,250.000000,1.500000,2340,16.201584,1,0,chegada_destino,1,93.238892,14.807023,21.731810,5.017844,348.364464,0.238444,/Users/pedrorebollo/projetos/traje_disc/experimento_v4/outputs/routes/route_5a9ccc8db814.csv
393bbae9ece4,203,ida,3855,1,1,1,1553,90,20.000000,250.000000,2.000000,600,16.262469,1,0,chegada_destino,1,89.182228,15.604977,35.760096,6.845567,116.245505,0.073348,/Users/pedrorebollo/projetos/traje_disc/experimento_v4/outputs/routes/route_393bbae9ece4.csv
95c366139e5a,203,ida,3855,1,1,1,1553,180,20.000000,250.000000,1.100000,1968,16.297661,1,0,chegada_destino,1,94.333548,14.017242,19.383142,4.856850,332.990603,0.397304,/Users/pedrorebollo/projetos/traje_disc/experimento_v4/outputs/routes/route_95c366139e5a.csv
254984754905,203,ida,3855,1,1,1,1553,180,20.000000,250.000000,1.250000,2284,16.277915,1,0,chegada_destino,1,93.818416,14.741136,21.624457,5.086599,400.110688,0.449034,/Users/pedrorebollo/projetos/traje_disc/experimento_v4/outputs/routes/route_254984754905.csv
a4787570c7fa,203,ida,3855,1,1,1,1553,180,20.000000,250.000000,1.500000,2396,16.243248,1,0,chegada_destino,1,93.303284,14.847020,23.958597,4.885524,403.101738,0.471231,/Users/pedrorebollo/projetos/traje_disc/experimento_v4/outputs/routes/route_a4787570c7fa.csv
f372a19b8db1,203,ida,3855,1,1,1,1553,180,20.000000,250.000000,2.000000,624,16.234487,1,0,chegada_destino,1,88.924662,15.575426,36.920984,6.880191,116.087962,0.144842,/Users/pedrorebollo/projetos/traje_disc/experimento_v4/outputs/routes/route_f372a19b8db1.csv
08ab46bca4ab,203,ida,3855,1,1,1,1553,360,20.000000,250.000000,1.100000,1948,16.268007,1,0,chegada_destino,1,93.560850,14.203691,21.831753,5.093286,311.401134,0.788624,/Users/pedrorebollo/projetos/traje_disc/experimento_v4/outputs/routes/route_08ab46bca4ab.csv
f6f81afa8d43,203,ida,3855,1,1,1,1553,360,20.000000,250.000000,1.250000,2280,16.277548,1,0,chegada_destino,1,93.496458,14.781422,24.136851,4.907493,403.326616,0.880410,/Users/pedrorebollo/projetos/traje_disc/experimento_v4/outputs/routes/route_f6f81afa8d43.csv
acad42535788,203,ida,3855,1,1,1,1553,360,20.000000,250.000000,1.500000,2372,16.248044,1,0,chegada_destino,1,93.303284,14.863324,24.498833,4.813828,401.871747,0.911187,/Users/pedrorebollo/projetos/traje_disc/experimento_v4/outputs/routes/route_acad42535788.csv
c0408769537c,203,ida,3855,1,1,1,1553,360,20.000000,250.000000,2.000000,612,16.264465,1,0,chegada_destino,1,88.087572,15.897677,38.397727,7.305472,132.889688,0.279095,/Users/pedrorebollo/projetos/traje_disc/experimento_v4/outputs/routes/route_c0408769537c.csv
e3f47d7f7084,203,volta,3856,1,1,1,1647,90,5.000000,250.000000,1.100000,2432,16.453790,1,0,chegada_destino,1,91.256831,7.196635,20.645021,47.954066,615.472277,0.256088,/Users/pedrorebollo/projetos/traje_disc/experimento_v4/outputs/routes/route_e3f47d7f7084.csv
3dfadf62aa4d,203,volta,3856,1,1,1,1647,90,5.000000,250.000000,1.250000,3512,16.526513,1,0,chegada_destino,1,92.349727,7.152165,21.811072,39.539400,1025.593249,0.348457,/Users/pedrorebollo/projetos/traje_disc/experimento_v4/outputs/routes/route_3dfadf62aa4d.csv
d59803e87215,203,volta,3856,1,1,1,1647,90,5.000000,250.000000,1.500000,3492,16.462517,1,0,chegada_destino,1,91.924712,7.235018,21.320398,34.989089,970.107748,0.346522,/Users/pedrorebollo/projetos/traje_disc/experimento_v4/outputs/routes/route_d59803e87215.csv
e9b57ebdcda4,203,volta,3856,1,1,1,1647,90,5.000000,250.000000,2.000000,684,16.309055,1,0,chegada_destino,1,79.902854,10.139274,33.740355,37.075036,169.374235,0.083784,/Users/pedrorebollo/projetos/traje_disc/experimento_v4/outputs/routes/route_e9b57ebdcda4.csv
2b2a2844457d,203,volta,3856,1,1,1,1647,180,5.000000,250.000000,1.100000,2400,16.406976,1,0,chegada_destino,1,91.499696,7.196230,21.125164,45.976354,565.219229,0.484922,/Users/pedrorebollo/projetos/traje_disc/experimento_v4/outputs/routes/route_2b2a2844457d.csv
2649d5b98026,203,volta,3856,1,1,1,1647,180,5.000000,250.000000,1.250000,3440,16.516315,1,0,chegada_destino,1,92.774742,7.069667,22.015429,39.972321,970.028425,0.653407,/Users/pedrorebollo/projetos/traje_disc/experimento_v4/outputs/routes/route_2649d5b98026.csv
de233c44405f,203,volta,3856,1,1,1,1647,180,5.000000,250.000000,1.500000,3464,16.469528,1,0,chegada_destino,1,92.167577,7.050919,22.651967,33.038805,982.557486,0.657047,/Users/pedrorebollo/projetos/traje_disc/experimento_v4/outputs/routes/route_de233c44405f.csv
9703f6c33c26,203,volta,3856,1,1,1,1647,180,5.000000,250.000000,2.000000,696,16.315014,1,0,chegada_destino,1,81.420765,9.941641,36.025236,36.786496,171.414932,0.162363,/Users/pedrorebollo/projetos/traje_disc/experimento_v4/outputs/routes/route_9703f6c33c26.csv
20368ffdf74b,203,volta,3856,1,1,1,1647,360,5.000000,250.000000,1.100000,2436,16.421217,1,0,chegada_destino,1,91.378264,7.264114,22.721439,45.460416,614.527370,0.959020,/Users/pedrorebollo/projetos/traje_disc/experimento_v4/outputs/routes/route_20368ffdf74b.csv
ead0b1b46fa0,203,volta,3856,1,1,1,1647,360,5.000000,250.000000,1.250000,3392,16.500139,1,0,chegada_destino,1,92.835458,7.156377,21.529557,38.310965,913.302649,1.241982,/Users/pedrorebollo/projetos/traje_disc/experimento_v4/outputs/routes/route_ead0b1b46fa0.csv
18e622444a5e,203,volta,3856,1,1,1,1647,360,5.000000,250.000000,1.500000,3512,16.508588,1,0,chegada_destino,1,92.531876,7.155882,22.246120,35.099424,995.747499,1.307219,/Users/pedrorebollo/projetos/traje_disc/experimento_v4/outputs/routes/route_18e622444a5e.csv
219a3048b718,203,volta,3856,1,1,1,1647,360,5.000000,250.000000,2.000000,712,16.355830,1,0,chegada_destino,1,79.659988,10.639478,39.496898,38.371140,193.311012,0.318011,/Users/pedrorebollo/projetos/traje_disc/experimento_v4/outputs/routes/route_219a3048b718.csv
28bf0c8c2ee1,203,volta,3856,1,1,1,1647,90,10.000000,250.000000,1.100000,2412,16.476752,1,0,chegada_destino,1,91.438980,7.367581,23.398169,47.171893,629.844331,0.253544,/Users/pedrorebollo/projetos/traje_disc/experimento_v4/outputs/routes/route_28bf0c8c2ee1.csv
91fc6a991657,203,volta,3856,1,1,1,1647,90,10.000000,250.000000,1.250000,3380,16.556705,1,0,chegada_destino,1,92.289010,7.152528,21.267950,37.282400,949.259108,0.333855,/Users/pedrorebollo/projetos/traje_disc/experimento_v4/outputs/routes/route_91fc6a991657.csv
9b030cf6f2ec,203,volta,3856,1,1,1,1647,90,10.000000,250.000000,1.500000,3216,16.482946,1,0,chegada_destino,1,91.681846,7.456680,23.385733,33.436137,861.026687,0.325188,/Users/pedrorebollo/projetos/traje_disc/experimento_v4/outputs/routes/route_9b030cf6f2ec.csv
2a14ab6165bd,203,volta,3856,1,1,1,1647,90,10.000000,250.000000,2.000000,692,16.309254,1,0,chegada_destino,1,80.449302,10.332433,36.064438,37.006455,168.596687,0.084083,/Users/pedrorebollo/projetos/traje_disc/experimento_v4/outputs/routes/route_2a14ab6165bd.csv
c91140787dd1,203,volta,3856,1,1,1,1647,180,10.000000,250.000000,1.100000,2452,16.466464,1,0,chegada_destino,1,91.135398,7.582952,25.008880,44.218239,631.765900,0.486186,/Users/pedrorebollo/projetos/traje_disc/experimento_v4/outputs/routes/route_c91140787dd1.csv
ce96967b3450,203,volta,3856,1,1,1,1647,180,10.000000,250.000000,1.250000,3368,16.532685,1,0,chegada_destino,1,92.774742,7.167301,21.202441,38.645846,923.650054,0.636165,/Users/pedrorebollo/projetos/traje_disc/experimento_v4/outputs/routes/route_ce96967b3450.csv
c56fe150063c,203,volta,3856,1,1,1,1647,180,10.000000,250.000000,1.500000,3288,16.495023,1,0,chegada_destino,1,91.742562,7.356530,22.941468,34.865987,884.972543,0.635259,/Users/pedrorebollo/projetos/traje_disc/experimento_v4/outputs/routes/route_c56fe150063c.csv
09aab114cea8,203,volta,3856,1,1,1,1647,180,10.000000,250.000000,2.000000,680,16.305237,1,0,chegada_destino,1,80.024287,10.281342,35.932681,37.852038,172.660220,0.155761,/Users/pedrorebollo/projetos/traje_disc/experimento_v4/outputs/routes/route_09aab114cea8.csv
ba5966db098d,203,volta,3856,1,1,1,1647,360,10.000000,250.000000,1.100000,2408,16.389133,1,0,chegada_destino,1,91.803279,7.278707,23.091703,44.736630,594.841920,0.956763,/Users/pedrorebollo/projetos/traje_disc/experimento_v4/outputs/routes/route_ba5966db098d.csv
9ee7e2d23525,203,volta,3856,1,1,1,1647,360,10.000000,250.000000,1.250000,3336,16.518182,1,0,chegada_destino,1,92.653309,7.061427,21.733038,39.722535,895.387932,1.267661,/Users/pedrorebollo/projetos/traje_disc/experimento_v4/outputs/routes/route_9ee7e2d23525.csv
7f1a5e560515,203,volta,3856,1,1,1,1647,360,10.000000,250.000000,1.500000,3356,16.528590,1,0,chegada_destino,1,92.167577,7.269225,22.424593,35.360894,967.655900,1.306697,/Users/pedrorebollo/projetos/traje_disc/experimento_v4/outputs/routes/route_7f1a5e560515.csv
fbe95a89f37d,203,volta,3856,1,1,1,1647,360,10.000000,250.000000,2.000000,840,16.347062,1,0,chegada_destino,1,82.392228,9.613868,31.450888,50.590533,216.612500,0.382978,/Users/pedrorebollo/projetos/traje_disc/experimento_v4/outputs/routes/route_fbe95a89f37d.csv
81b97d553424,203,volta,3856,1,1,1,1647,90,20.000000,250.000000,1.100000,2188,16.336096,1,0,chegada_destino,1,90.831815,7.607304,22.321949,38.664561,460.549045,0.242369,/Users/pedrorebollo/projetos/traje_disc/experimento_v4/outputs/routes/route_81b97d553424.csv
994f064897a0,203,volta,3856,1,1,1,1647,90,20.000000,250.000000,1.250000,2516,16.420146,1,0,chegada_destino,1,91.196114,7.461840,21.299666,36.008624,600.723830,0.271083,/Users/pedrorebollo/projetos/traje_disc/experimento_v4/outputs/routes/route_994f064897a0.csv
74b06a4eeb65,203,volta,3856,1,1,1,1647,90,20.000000,250.000000,1.500000,2520,16.400953,1,0,chegada_destino,1,90.831815,7.443610,22.115793,35.941434,568.899046,0.280218,/Users/pedrorebollo/projetos/traje_disc/experimento_v4/outputs/routes/route_74b06a4eeb65.csv
200dbd83df69,203,volta,3856,1,1,1,1647,90,20.000000,250.000000,2.000000,760,16.317433,1,0,chegada_destino,1,82.331512,10.203049,38.238258,37.029755,175.749624,0.093438,/Users/pedrorebollo/projetos/traje_disc/experimento_v4/outputs/routes/route_200dbd83df69.csv
113ed8687293,203,volta,3856,1,1,1,1647,180,20.000000,250.000000,1.100000,2116,16.331705,1,0,chegada_destino,1,90.771099,7.647400,22.682693,41.478801,436.785108,0.453590,/Users/pedrorebollo/projetos/traje_disc/experimento_v4/outputs/routes/route_113ed8687293.csv
96ed0d91f352,203,volta,3856,1,1,1,1647,180,20.000000,250.000000,1.250000,2536,16.425625,1,0,chegada_destino,1,91.135398,7.411943,21.434684,35.963458,613.082299,0.533062,/Users/pedrorebollo/projetos/traje_disc/experimento_v4/outputs/routes/route_96ed0d91f352.csv
6a607803a6e7,203,volta,3856,1,1,1,1647,180,20.000000,250.000000,1.500000,2544,16.422276,1,0,chegada_destino,1,91.256831,7.483460,21.524173,36.057357,593.712601,0.550732,/Users/pedrorebollo/projetos/traje_disc/experimento_v4/outputs/routes/route_6a607803a6e7.csv
498eb4eef9bb,203,volta,3856,1,1,1,1647,180,20.000000,250.000000,2.000000,736,16.288037,1,0,chegada_destino,1,81.360049,9.842472,32.955479,35.354509,167.441447,0.172164,/Users/pedrorebollo/projetos/traje_disc/experimento_v4/outputs/routes/route_498eb4eef9bb.csv
bc781113e972,203,volta,3856,1,1,1,1647,360,20.000000,250.000000,1.100000,2124,16.386831,1,0,chegada_destino,1,90.892532,7.612543,22.985758,40.492527,477.891024,0.892954,/Users/pedrorebollo/projetos/traje_disc/experimento_v4/outputs/routes/route_bc781113e972.csv
6a335f7913dc,203,volta,3856,1,1,1,1647,360,20.000000,250.000000,1.250000,2520,16.441345,1,0,chegada_destino,1,91.196114,7.363078,21.046187,35.094452,593.524315,1.040132,/Users/pedrorebollo/projetos/traje_disc/experimento_v4/outputs/routes/route_6a335f7913dc.csv
d5ee10b3ea1f,203,volta,3856,1,1,1,1647,360,20.000000,250.000000,1.500000,2528,16.382909,1,0,chegada_destino,1,91.560413,7.437966,21.993062,35.915459,564.501018,1.064169,/Users/pedrorebollo/projetos/traje_disc/experimento_v4/outputs/routes/route_d5ee10b3ea1f.csv
a1d85701f50e,203,volta,3856,1,1,1,1647,360,20.000000,250.000000,2.000000,824,16.334951,1,0,chegada_destino,1,83.181542,9.492861,31.518015,51.578463,186.965078,0.378532,/Users/pedrorebollo/projetos/traje_disc/experimento_v4/outputs/routes/route_a1d85701f50e.csv
ec2aac4e074a,603,ida,3155,3,3,3,2308,90,5.000000,250.000000,1.100000,3208,10.147999,1,0,chegada_destino,1,93.544194,41.045693,30.926412,2.968319,1427.518234,0.356189,/Users/pedrorebollo/projetos/traje_disc/experimento_v4/outputs/routes/route_ec2aac4e074a.csv
b6b4d4dcd732,603,ida,3155,3,3,3,2308,90,5.000000,250.000000,1.250000,4388,10.507515,1,0,chegada_destino,1,93.587522,41.009132,24.986055,3.069830,2406.045741,0.470487,/Users/pedrorebollo/projetos/traje_disc/experimento_v4/outputs/routes/route_b6b4d4dcd732.csv
ff684626951c,603,ida,3155,3,3,3,2308,90,5.000000,250.000000,1.500000,4232,10.041647,1,0,chegada_destino,1,93.110919,42.269448,36.901245,2.953618,2195.037088,0.442502,/Users/pedrorebollo/projetos/traje_disc/experimento_v4/outputs/routes/route_ff684626951c.csv
a112aaa80d1c,603,ida,3155,3,3,3,2308,90,5.000000,250.000000,2.000000,860,9.920612,1,0,chegada_destino,1,91.637782,41.899784,27.831774,4.088933,396.057983,0.109551,/Users/pedrorebollo/projetos/traje_disc/experimento_v4/outputs/routes/route_a112aaa80d1c.csv
cbaed0eff441,603,ida,3155,3,3,3,2308,180,5.000000,250.000000,1.100000,3252,10.194044,1,0,chegada_destino,1,93.457539,41.060226,30.880868,3.025651,1459.216486,0.694933,/Users/pedrorebollo/projetos/traje_disc/experimento_v4/outputs/routes/route_cbaed0eff441.csv
2f7ef7cd294c,603,ida,3155,3,3,3,2308,180,5.000000,250.000000,1.250000,4384,10.412638,1,0,chegada_destino,1,94.020797,40.999489,23.764222,3.015447,2334.459916,0.899432,/Users/pedrorebollo/projetos/traje_disc/experimento_v4/outputs/routes/route_2f7ef7cd294c.csv
76a2c99be19b,603,ida,3155,3,3,3,2308,180,5.000000,250.000000,1.500000,4200,10.313905,1,0,chegada_destino,1,92.937608,42.322441,37.028808,3.024385,2144.275222,0.860050,/Users/pedrorebollo/projetos/traje_disc/experimento_v4/outputs/routes/route_76a2c99be19b.csv
f6f0fd8b7002,603,ida,3155,3,3,3,2308,180,5.000000,250.000000,2.000000,660,9.920395,1,0,chegada_destino,1,87.521664,43.550879,41.255926,4.598728,284.189781,0.159664,/Users/pedrorebollo/projetos/traje_disc/experimento_v4/outputs/routes/route_f6f0fd8b7002.csv
0aefe4fbef4c,603,ida,3155,3,3,3,2308,360,5.000000,250.000000,1.100000,3196,10.138263,1,0,chegada_destino,1,93.674177,41.042201,30.764325,3.000800,1399.443093,1.313370,/Users/pedrorebollo/projetos/traje_disc/experimento_v4/outputs/routes/route_0aefe4fbef4c.csv
a2c8999b95b2,603,ida,3155,3,3,3,2308,360,5.000000,250.000000,1.250000,4384,10.521271,1,0,chegada_destino,1,93.934142,40.936395,24.708395,3.158372,2282.626092,1.781252,/Users/pedrorebollo/projetos/traje_disc/experimento_v4/outputs/routes/route_a2c8999b95b2.csv
14d13082f222,603,ida,3155,3,3,3,2308,360,5.000000,250.000000,1.500000,4276,10.232973,1,0,chegada_destino,1,93.284229,42.489369,38.479978,3.105517,2427.194531,1.713829,/Users/pedrorebollo/projetos/traje_disc/experimento_v4/outputs/routes/route_14d13082f222.csv
f6aed131b5a4,603,ida,3155,3,3,3,2308,360,5.000000,250.000000,2.000000,956,9.911821,1,0,chegada_destino,1,91.724437,42.143416,30.435855,3.634700,426.649888,0.448802,/Users/pedrorebollo/projetos/traje_disc/experimento_v4/outputs/routes/route_f6aed131b5a4.csv
d9d3eec815c2,603,ida,3155,3,3,3,2308,90,10.000000,250.000000,1.100000,2644,10.331155,1,0,chegada_destino,1,93.804159,41.289467,25.522077,3.164558,1073.434296,0.297116,/Users/pedrorebollo/projetos/traje_disc/experimento_v4/outputs/routes/route_d9d3eec815c2.csv
34b763e1705a,603,ida,3155,3,3,3,2308,90,10.000000,250.000000,1.250000,3124,10.257703,1,0,chegada_destino,1,93.240901,41.416132,32.406572,3.037432,1359.578612,0.348141,/Users/pedrorebollo/projetos/traje_disc/experimento_v4/outputs/routes/route_34b763e1705a.csv
791d880506bd,603,ida,3155,3,3,3,2308,90,10.000000,250.000000,1.500000,3196,10.161576,1,0,chegada_destino,1,93.457539,42.760192,41.095896,3.081946,1458.369623,0.359250,/Users/pedrorebollo/projetos/traje_disc/experimento_v4/outputs/routes/route_791d880506bd.csv
178b8438e750,603,ida,3155,3,3,3,2308,90,10.000000,250.000000,2.000000,952,9.906798,1,0,chegada_destino,1,92.157712,42.150916,27.995555,3.702944,394.722115,0.118564,/Users/pedrorebollo/projetos/traje_disc/experimento_v4/outputs/routes/route_178b8438e750.csv
55881ba74c13,603,ida,3155,3,3,3,2308,180,10.000000,250.000000,1.100000,2708,10.263238,1,0,chegada_destino,1,93.500867,41.356064,24.176289,3.087189,1155.176960,0.590203,/Users/pedrorebollo/projetos/traje_disc/experimento_v4/outputs/routes/route_55881ba74c13.csv
e22e2a354095,603,ida,3155,3,3,3,2308,180,10.000000,250.000000,1.250000,3108,10.202831,1,0,chegada_destino,1,93.240901,41.207212,31.303244,3.028921,1377.702477,0.673267,/Users/pedrorebollo/projetos/traje_disc/experimento_v4/outputs/routes/route_e22e2a354095.csv
3ac1c6f5e62d,603,ida,3155,3,3,3,2308,180,10.000000,250.000000,1.500000,3204,10.079682,1,0,chegada_destino,1,93.414211,42.676878,40.726356,3.061269,1477.620493,0.691100,/Users/pedrorebollo/projetos/traje_disc/experimento_v4/outputs/routes/route_3ac1c6f5e62d.csv
7c518baf7a80,603,ida,3155,3,3,3,2308,180,10.000000,250.000000,2.000000,936,9.937783,1,0,chegada_destino,1,91.854419,42.162819,27.248255,4.005233,457.605297,0.225005,/Users/pedrorebollo/projetos/traje_disc/experimento_v4/outputs/routes/route_7c518baf7a80.csv
e3d46ded5d01,603,ida,3155,3,3,3,2308,360,10.000000,250.000000,1.100000,2692,10.292703,1,0,chegada_destino,1,94.064125,41.302729,24.888387,3.122105,1122.856185,1.159411,/Users/pedrorebollo/projetos/traje_disc/experimento_v4/outputs/routes/route_e3d46ded5d01.csv
b26f6e72a453,603,ida,3155,3,3,3,2308,360,10.000000,250.000000,1.250000,3088,10.427792,1,0,chegada_destino,1,93.370884,41.021897,24.896541,3.093667,1398.312188,1.302848,/Users/pedrorebollo/projetos/traje_disc/experimento_v4/outputs/routes/route_b26f6e72a453.csv
3b94fb46aff7,603,ida,3155,3,3,3,2308,360,10.000000,250.000000,1.500000,3216,10.187472,1,0,chegada_destino,1,93.847487,42.112698,32.261641,3.110790,1491.930532,1.335226,/Users/pedrorebollo/projetos/traje_disc/experimento_v4/outputs/routes/route_3b94fb46aff7.csv
ac505a4d53a2,603,ida,3155,3,3,3,2308,360,10.000000,250.000000,2.000000,816,9.958071,1,0,chegada_destino,1,90.467938,42.264326,29.578865,4.211980,340.535448,0.379842,/Users/pedrorebollo/projetos/traje_disc/experimento_v4/outputs/routes/route_ac505a4d53a2.csv
220cccae6af6,603,ida,3155,3,3,3,2308,90,20.000000,250.000000,1.100000,1752,9.940560,1,0,chegada_destino,1,93.370884,41.381458,25.627028,3.129434,620.391567,0.205792,/Users/pedrorebollo/projetos/traje_disc/experimento_v4/outputs/routes/route_220cccae6af6.csv
7ff35a6c2634,603,ida,3155,3,3,3,2308,90,20.000000,250.000000,1.250000,1856,9.946902,1,0,chegada_destino,1,93.587522,41.476555,25.729653,3.060643,645.809851,0.215464,/Users/pedrorebollo/projetos/traje_disc/experimento_v4/outputs/routes/route_7ff35a6c2634.csv
42e55a808a17,603,ida,3155,3,3,3,2308,90,20.000000,250.000000,1.500000,1872,9.925576,1,0,chegada_destino,1,93.284229,42.955216,41.192719,3.165171,735.311952,0.216799,/Users/pedrorebollo/projetos/traje_disc/experimento_v4/outputs/routes/route_42e55a808a17.csv
13ae564d7031,603,ida,3155,3,3,3,2308,90,20.000000,250.000000,2.000000,648,9.865829,1,0,chegada_destino,1,89.298094,42.840541,38.325771,5.032923,281.851300,0.082085,/Users/pedrorebollo/projetos/traje_disc/experimento_v4/outputs/routes/route_13ae564d7031.csv
fb1eed93f6a1,603,ida,3155,3,3,3,2308,180,20.000000,250.000000,1.100000,1748,9.981344,1,0,chegada_destino,1,93.414211,41.591900,25.369106,3.225058,651.149988,0.399582,/Users/pedrorebollo/projetos/traje_disc/experimento_v4/outputs/routes/route_fb1eed93f6a1.csv
f895be600d25,603,ida,3155,3,3,3,2308,180,20.000000,250.000000,1.250000,1864,9.991405,1,0,chegada_destino,1,93.197574,41.314217,24.591127,3.135883,716.899587,0.422913,/Users/pedrorebollo/projetos/traje_disc/experimento_v4/outputs/routes/route_f895be600d25.csv
234dc54c8c3b,603,ida,3155,3,3,3,2308,180,20.000000,250.000000,1.500000,1880,9.974904,1,0,chegada_destino,1,93.067591,42.985539,41.105370,3.334160,753.419406,0.430935,/Users/pedrorebollo/projetos/traje_disc/experimento_v4/outputs/routes/route_234dc54c8c3b.csv
7ac793649db6,603,ida,3155,3,3,3,2308,180,20.000000,250.000000,2.000000,636,9.868631,1,0,chegada_destino,1,88.171577,43.157037,43.736658,5.172900,269.892822,0.155569,/Users/pedrorebollo/projetos/traje_disc/experimento_v4/outputs/routes/route_7ac793649db6.csv
3d9b914953bc,603,ida,3155,3,3,3,2308,360,20.000000,250.000000,1.100000,1716,10.134868,1,0,chegada_destino,1,93.717504,41.525441,24.422607,3.376813,624.852357,0.769935,/Users/pedrorebollo/projetos/traje_disc/experimento_v4/outputs/routes/route_3d9b914953bc.csv
48cd82b21d45,603,ida,3155,3,3,3,2308,360,20.000000,250.000000,1.250000,1848,9.927176,1,0,chegada_destino,1,93.240901,41.343393,24.742432,3.214794,690.034077,0.826136,/Users/pedrorebollo/projetos/traje_disc/experimento_v4/outputs/routes/route_48cd82b21d45.csv
11565333515d,603,ida,3155,3,3,3,2308,360,20.000000,250.000000,1.500000,1848,9.910076,1,0,chegada_destino,1,92.590988,43.140366,40.966558,3.233845,694.368406,0.821156,/Users/pedrorebollo/projetos/traje_disc/experimento_v4/outputs/routes/route_11565333515d.csv
44b2d92b9c73,603,ida,3155,3,3,3,2308,360,20.000000,250.000000,2.000000,860,9.876072,1,0,chegada_destino,1,90.814558,42.020877,26.522185,3.978430,340.499199,0.402655,/Users/pedrorebollo/projetos/traje_disc/experimento_v4/outputs/routes/route_44b2d92b9c73.csv
493e35621560,603,volta,3156,4,4,4,4056,90,5.000000,250.000000,1.100000,4940,10.160881,1,0,chegada_destino,1,93.293886,7.319392,27.438704,3.862931,2800.822180,0.612047,/Users/pedrorebollo/projetos/traje_disc/experimento_v4/outputs/routes/route_493e35621560.csv
5d7ee3168eec,603,volta,3156,4,4,4,4056,90,5.000000,250.000000,1.250000,5900,10.216266,1,0,chegada_destino,1,93.293886,7.409460,28.923242,3.978727,3439.885586,0.698452,/Users/pedrorebollo/projetos/traje_disc/experimento_v4/outputs/routes/route_5d7ee3168eec.csv
6822cba6ef37,603,volta,3156,4,4,4,4056,90,5.000000,250.000000,1.500000,5904,10.205749,1,0,chegada_destino,1,93.392505,7.385283,29.919272,4.060015,3425.230013,0.703516,/Users/pedrorebollo/projetos/traje_disc/experimento_v4/outputs/routes/route_6822cba6ef37.csv
77fc02e84709,603,volta,3156,4,4,4,4056,90,5.000000,250.000000,2.000000,780,9.757345,1,0,chegada_destino,1,89.768245,8.668447,31.192237,4.574182,241.276356,0.101676,/Users/pedrorebollo/projetos/traje_disc/experimento_v4/outputs/routes/route_77fc02e84709.csv
b8932b063111,603,volta,3156,4,4,4,4056,180,5.000000,250.000000,1.100000,4972,10.128736,1,0,chegada_destino,1,93.343195,7.202068,26.913321,3.866936,2804.151351,1.166659,/Users/pedrorebollo/projetos/traje_disc/experimento_v4/outputs/routes/route_b8932b063111.csv
5b1e1ca72238,603,volta,3156,4,4,4,4056,180,5.000000,250.000000,1.250000,5952,10.198165,1,0,chegada_destino,1,93.392505,7.304640,29.115306,3.946391,3434.840946,1.344039,/Users/pedrorebollo/projetos/traje_disc/experimento_v4/outputs/routes/route_5b1e1ca72238.csv
514b5b66de1d,603,volta,3156,4,4,4,4056,180,5.000000,250.000000,1.500000,5860,10.186970,1,0,chegada_destino,1,93.343195,7.380314,29.835810,3.959085,3224.680426,1.331341,/Users/pedrorebollo/projetos/traje_disc/experimento_v4/outputs/routes/route_514b5b66de1d.csv
cb292ad4c6ce,603,volta,3156,4,4,4,4056,180,5.000000,250.000000,2.000000,664,9.746715,1,0,chegada_destino,1,89.620316,8.974551,35.806628,4.896198,215.351506,0.170742,/Users/pedrorebollo/projetos/traje_disc/experimento_v4/outputs/routes/route_cb292ad4c6ce.csv
cfb17f13a6c1,603,volta,3156,4,4,4,4056,360,5.000000,250.000000,1.100000,4880,10.130273,1,0,chegada_destino,1,93.515779,7.235004,26.907470,3.955863,2674.617382,2.215010,/Users/pedrorebollo/projetos/traje_disc/experimento_v4/outputs/routes/route_cfb17f13a6c1.csv
4f0b9938141e,603,volta,3156,4,4,4,4056,360,5.000000,250.000000,1.250000,5900,10.180304,1,0,chegada_destino,1,93.515779,7.411565,28.854981,3.906596,3426.745374,2.603240,/Users/pedrorebollo/projetos/traje_disc/experimento_v4/outputs/routes/route_4f0b9938141e.csv
3fca0f0fb4ec,603,volta,3156,4,4,4,4056,360,5.000000,250.000000,1.500000,5856,10.157553,1,0,chegada_destino,1,93.244576,7.408863,29.657540,4.032091,3244.610168,2.574561,/Users/pedrorebollo/projetos/traje_disc/experimento_v4/outputs/routes/route_3fca0f0fb4ec.csv
bc4000ff7a92,603,volta,3156,4,4,4,4056,360,5.000000,250.000000,2.000000,664,9.742382,1,0,chegada_destino,1,88.831361,9.032838,34.721342,4.875581,221.303733,0.325295,/Users/pedrorebollo/projetos/traje_disc/experimento_v4/outputs/routes/route_bc4000ff7a92.csv
525f6ba4c728,603,volta,3156,4,4,4,4056,90,10.000000,250.000000,1.100000,3260,9.942420,1,0,chegada_destino,1,93.096647,7.654239,29.715337,3.761829,1394.914281,0.403267,/Users/pedrorebollo/projetos/traje_disc/experimento_v4/outputs/routes/route_525f6ba4c728.csv
1c08ff86163e,603,volta,3156,4,4,4,4056,90,10.000000,250.000000,1.250000,3588,10.005059,1,0,chegada_destino,1,93.318540,7.494195,30.008634,3.830036,1639.509257,0.435911,/Users/pedrorebollo/projetos/traje_disc/experimento_v4/outputs/routes/route_1c08ff86163e.csv
dfb641ccf51c,603,volta,3156,4,4,4,4056,90,10.000000,250.000000,1.500000,3588,9.989306,1,0,chegada_destino,1,92.998028,7.589284,30.008634,3.620456,1601.970458,0.438944,/Users/pedrorebollo/projetos/traje_disc/experimento_v4/outputs/routes/route_dfb641ccf51c.csv
bada6ffc3dfe,603,volta,3156,4,4,4,4056,90,10.000000,250.000000,2.000000,644,9.729917,1,0,chegada_destino,1,89.546351,9.183980,38.076746,4.617598,192.631380,0.085169,/Users/pedrorebollo/projetos/traje_disc/experimento_v4/outputs/routes/route_bada6ffc3dfe.csv
c0b83d5d7e97,603,volta,3156,4,4,4,4056,180,10.000000,250.000000,1.100000,3292,9.960476,1,0,chegada_destino,1,93.096647,7.684711,29.977240,3.840001,1427.555430,0.780803,/Users/pedrorebollo/projetos/traje_disc/experimento_v4/outputs/routes/route_c0b83d5d7e97.csv
9cb356b0499e,603,volta,3156,4,4,4,4056,180,10.000000,250.000000,1.250000,3500,9.972130,1,0,chegada_destino,1,93.343195,7.564289,31.628433,3.775791,1511.656980,0.821417,/Users/pedrorebollo/projetos/traje_disc/experimento_v4/outputs/routes/route_9cb356b0499e.csv
cea803c96459,603,volta,3156,4,4,4,4056,180,10.000000,250.000000,1.500000,3568,9.969680,1,0,chegada_destino,1,93.293886,7.587906,29.930438,3.725530,1621.344250,0.851143,/Users/pedrorebollo/projetos/traje_disc/experimento_v4/outputs/routes/route_cea803c96459.csv
05931a1c111f,603,volta,3156,4,4,4,4056,180,10.000000,250.000000,2.000000,644,9.729972,1,0,chegada_destino,1,89.644970,9.092743,38.024169,4.314120,186.429198,0.162369,/Users/pedrorebollo/projetos/traje_disc/experimento_v4/outputs/routes/route_05931a1c111f.csv
9d6246fd4ac3,603,volta,3156,4,4,4,4056,360,10.000000,250.000000,1.100000,3288,9.934716,1,0,chegada_destino,1,93.121302,7.714065,29.453307,3.717467,1377.274976,1.521241,/Users/pedrorebollo/projetos/traje_disc/experimento_v4/outputs/routes/route_9d6246fd4ac3.csv
4d9330d020e4,603,volta,3156,4,4,4,4056,360,10.000000,250.000000,1.250000,3528,9.974429,1,0,chegada_destino,1,93.244576,7.588390,31.078416,3.864412,1518.323054,1.619669,/Users/pedrorebollo/projetos/traje_disc/experimento_v4/outputs/routes/route_4d9330d020e4.csv
707c5fb3f46e,603,volta,3156,4,4,4,4056,360,10.000000,250.000000,1.500000,3576,9.979220,1,0,chegada_destino,1,93.047337,7.611397,30.043839,3.796149,1606.996896,1.649305,/Users/pedrorebollo/projetos/traje_disc/experimento_v4/outputs/routes/route_707c5fb3f46e.csv
2540a849d334,603,volta,3156,4,4,4,4056,360,10.000000,250.000000,2.000000,624,9.761096,1,0,chegada_destino,1,89.423077,8.736353,32.934289,4.338113,176.490581,0.308410,/Users/pedrorebollo/projetos/traje_disc/experimento_v4/outputs/routes/route_2540a849d334.csv
f93b3a6dc261,603,volta,3156,4,4,4,4056,90,20.000000,250.000000,1.100000,1916,9.880100,1,0,chegada_destino,1,92.652860,8.060192,27.437372,3.998931,683.399674,0.235254,/Users/pedrorebollo/projetos/traje_disc/experimento_v4/outputs/routes/route_f93b3a6dc261.csv
9f2c550446fb,603,volta,3156,4,4,4,4056,90,20.000000,250.000000,1.250000,1928,9.869183,1,0,chegada_destino,1,92.924063,7.963860,27.658589,3.986819,598.178703,0.237245,/Users/pedrorebollo/projetos/traje_disc/experimento_v4/outputs/routes/route_9f2c550446fb.csv
7b2783bc5a87,603,volta,3156,4,4,4,4056,90,20.000000,250.000000,1.500000,1948,9.860149,1,0,chegada_destino,1,92.948718,8.007864,27.696405,3.868406,598.995680,0.237947,/Users/pedrorebollo/projetos/traje_disc/experimento_v4/outputs/routes/route_7b2783bc5a87.csv
1832b6c853e1,603,volta,3156,4,4,4,4056,90,20.000000,250.000000,2.000000,612,9.760391,1,0,chegada_destino,1,89.472387,9.431842,39.835293,5.078163,216.100901,0.080331,/Users/pedrorebollo/projetos/traje_disc/experimento_v4/outputs/routes/route_1832b6c853e1.csv
89e8555b2378,603,volta,3156,4,4,4,4056,180,20.000000,250.000000,1.100000,1892,9.818325,1,0,chegada_destino,1,92.430966,8.058758,31.622547,3.799414,572.333569,0.452906,/Users/pedrorebollo/projetos/traje_disc/experimento_v4/outputs/routes/route_89e8555b2378.csv
f0fdce2642bc,603,volta,3156,4,4,4,4056,180,20.000000,250.000000,1.250000,1936,9.853234,1,0,chegada_destino,1,92.850099,7.907510,30.561464,3.547486,627.445403,0.464895,/Users/pedrorebollo/projetos/traje_disc/experimento_v4/outputs/routes/route_f0fdce2642bc.csv
2c9cb6cc8024,603,volta,3156,4,4,4,4056,180,20.000000,250.000000,1.500000,1940,9.837815,1,0,chegada_destino,1,92.899408,7.980908,32.066117,3.834217,640.136478,0.467806,/Users/pedrorebollo/projetos/traje_disc/experimento_v4/outputs/routes/route_2c9cb6cc8024.csv
9b69a3e86f83,603,volta,3156,4,4,4,4056,180,20.000000,250.000000,2.000000,712,9.727818,1,0,chegada_destino,1,89.299803,9.216343,34.309599,4.371750,189.909915,0.179082,/Users/pedrorebollo/projetos/traje_disc/experimento_v4/outputs/routes/route_9b69a3e86f83.csv
d7a7b8bd299a,603,volta,3156,4,4,4,4056,360,20.000000,250.000000,1.100000,1916,9.885826,1,0,chegada_destino,1,92.850099,8.022107,27.699430,3.810269,658.739542,0.902477,/Users/pedrorebollo/projetos/traje_disc/experimento_v4/outputs/routes/route_d7a7b8bd299a.csv
b86c9d92eb92,603,volta,3156,4,4,4,4056,360,20.000000,250.000000,1.250000,1960,9.900526,1,0,chegada_destino,1,92.874753,7.891862,27.604896,3.646304,694.682799,0.923449,/Users/pedrorebollo/projetos/traje_disc/experimento_v4/outputs/routes/route_b86c9d92eb92.csv
64cfc6a71a41,603,volta,3156,4,4,4,4056,360,20.000000,250.000000,1.500000,1956,9.896617,1,0,chegada_destino,1,92.628205,8.072618,27.658197,3.977969,700.687281,0.937964,/Users/pedrorebollo/projetos/traje_disc/experimento_v4/outputs/routes/route_64cfc6a71a41.csv
bfcb9f818db5,603,volta,3156,4,4,4,4056,360,20.000000,250.000000,2.000000,580,9.734887,1,0,chegada_destino,1,89.077909,9.391855,37.206730,4.611443,188.395433,0.292720,/Users/pedrorebollo/projetos/traje_disc/experimento_v4/outputs/routes/route_bfcb9f818db5.csv
dee0551b0448,338,ida,1870,4,4,5,3536,90,5.000000,250.000000,1.100000,776,4.743428,0,0,passos_sem_dados,0,24.547511,1387.586032,2646.824505,10.285309,1423.679284,0.131626,/Users/pedrorebollo/projetos/traje_disc/experimento_v4/outputs/routes/route_dee0551b0448.csv
d70d6bb8dfbb,338,ida,1870,4,4,5,3536,90,5.000000,250.000000,1.250000,1308,5.144755,0,0,passos_sem_dados,0,23.585973,1380.494740,2612.763456,9.476026,1876.546286,0.178707,/Users/pedrorebollo/projetos/traje_disc/experimento_v4/outputs/routes/route_d70d6bb8dfbb.csv
bce44548b170,338,ida,1870,4,4,5,3536,90,5.000000,250.000000,1.500000,1632,5.139885,0,0,passos_sem_dados,0,24.377828,1383.917572,2571.131128,8.124982,2120.539478,0.198290,/Users/pedrorebollo/projetos/traje_disc/experimento_v4/outputs/routes/route_bce44548b170.csv
a1d9aa0e9982,338,ida,1870,4,4,5,3536,90,5.000000,250.000000,2.000000,240,4.825220,0,0,passos_sem_dados,0,21.266968,1452.462269,2681.384396,19.063865,602.439603,0.044664,/Users/pedrorebollo/projetos/traje_disc/experimento_v4/outputs/routes/route_a1d9aa0e9982.csv
fe2b92e31807,338,ida,1870,4,4,5,3536,180,5.000000,250.000000,1.100000,632,4.918510,0,0,passos_sem_dados,0,23.218326,1422.062809,2702.128019,11.475684,1280.938208,0.230072,/Users/pedrorebollo/projetos/traje_disc/experimento_v4/outputs/routes/route_fe2b92e31807.csv
5b710d4714a2,338,ida,1870,4,4,5,3536,180,5.000000,250.000000,1.250000,1348,5.272499,0,0,passos_sem_dados,0,23.388009,1427.338595,2700.859276,10.540273,2108.898425,0.359441,/Users/pedrorebollo/projetos/traje_disc/experimento_v4/outputs/routes/route_5b710d4714a2.csv
7b7c3115fd5b,338,ida,1870,4,4,5,3536,180,5.000000,250.000000,1.500000,1564,5.354910,0,0,passos_sem_dados,0,24.462670,1417.880053,2693.781627,7.933424,2002.000298,0.377781,/Users/pedrorebollo/projetos/traje_disc/experimento_v4/outputs/routes/route_7b7c3115fd5b.csv
86558be4de4e,338,ida,1870,4,4,5,3536,180,5.000000,250.000000,2.000000,280,4.523805,0,0,passos_sem_dados,0,22.398190,1382.774832,2576.905665,13.775731,595.529884,0.092090,/Users/pedrorebollo/projetos/traje_disc/experimento_v4/outputs/routes/route_86558be4de4e.csv
4a773fcace2c,338,ida,1870,4,4,5,3536,360,5.000000,250.000000,1.100000,652,5.309485,0,0,passos_sem_dados,0,23.444570,1421.883696,2700.937732,13.227342,1187.397691,0.444488,/Users/pedrorebollo/projetos/traje_disc/experimento_v4/outputs/routes/route_4a773fcace2c.csv
f229acf0c707,338,ida,1870,4,4,5,3536,360,5.000000,250.000000,1.250000,1524,4.846842,0,0,passos_sem_dados,0,24.066742,1423.903148,2706.611526,9.184095,2298.068769,0.756491,/Users/pedrorebollo/projetos/traje_disc/experimento_v4/outputs/routes/route_f229acf0c707.csv
c1457ae61115,338,ida,1870,4,4,5,3536,360,5.000000,250.000000,1.500000,1580,5.352675,0,0,passos_sem_dados,0,24.632353,1362.438644,2588.523007,8.237401,1957.742352,0.742294,/Users/pedrorebollo/projetos/traje_disc/experimento_v4/outputs/routes/route_c1457ae61115.csv
36b34932527e,338,ida,1870,4,4,5,3536,360,5.000000,250.000000,2.000000,280,4.524616,0,0,passos_sem_dados,0,22.624434,1383.249744,2575.955843,13.963864,598.832213,0.182728,/Users/pedrorebollo/projetos/traje_disc/experimento_v4/outputs/routes/route_36b34932527e.csv
0329eb6ac294,338,ida,1870,4,4,5,3536,90,10.000000,250.000000,1.100000,644,4.946161,0,0,passos_sem_dados,0,24.915158,1396.095750,2635.496674,12.511320,1134.887159,0.113710,/Users/pedrorebollo/projetos/traje_disc/experimento_v4/outputs/routes/route_0329eb6ac294.csv
cc1389715d94,338,ida,1870,4,4,5,3536,90,10.000000,250.000000,1.250000,1104,4.947834,0,0,passos_sem_dados,0,23.303167,1363.512807,2587.843189,11.990428,1953.161075,0.154199,/Users/pedrorebollo/projetos/traje_disc/experimento_v4/outputs/routes/route_cc1389715d94.csv
d62e0aac874f,338,ida,1870,4,4,5,3536,90,10.000000,250.000000,1.500000,1140,4.950515,0,0,passos_sem_dados,0,23.133484,1407.601740,2660.786651,10.320663,1716.827106,0.152110,/Users/pedrorebollo/projetos/traje_disc/experimento_v4/outputs/routes/route_d62e0aac874f.csv
160703285334,338,ida,1870,4,4,5,3536,90,10.000000,250.000000,2.000000,264,4.520204,0,0,passos_sem_dados,0,22.567873,1383.749838,2576.176549,14.563295,588.532487,0.046260,/Users/pedrorebollo/projetos/traje_disc/experimento_v4/outputs/routes/route_160703285334.csv
f68ebdf51a42,338,ida,1870,4,4,5,3536,180,10.000000,250.000000,1.100000,652,4.933867,0,0,passos_sem_dados,0,25.113122,1395.287006,2637.022620,13.670921,1164.945485,0.212081,/Users/pedrorebollo/projetos/traje_disc/experimento_v4/outputs/routes/route_f68ebdf51a42.csv
ea812f375f25,338,ida,1870,4,4,5,3536,180,10.000000,250.000000,1.250000,1040,4.667210,0,0,passos_sem_dados,0,23.925339,1430.883568,2702.011211,10.860894,1758.375322,0.277806,/Users/pedrorebollo/projetos/traje_disc/experimento_v4/outputs/routes/route_ea812f375f25.csv
65ee55d05b8b,338,ida,1870,4,4,5,3536,180,10.000000,250.000000,1.500000,1164,4.671924,0,0,passos_sem_dados,0,23.416290,1412.796353,2684.243407,10.411061,1846.944170,0.294241,/Users/pedrorebollo/projetos/traje_disc/experimento_v4/outputs/routes/route_65ee55d05b8b.csv
725e3e40b00b,338,ida,1870,4,4,5,3536,180,10.000000,250.000000,2.000000,252,4.150898,0,0,passos_sem_dados,0,22.624434,1456.345413,2700.929109,9.552675,568.085868,0.086240,/Users/pedrorebollo/projetos/traje_disc/experimento_v4/outputs/routes/route_725e3e40b00b.csv
437688c5b969,338,ida,1870,4,4,5,3536,360,10.000000,250.000000,1.100000,548,5.159938,0,0,passos_sem_dados,0,23.161765,1396.559932,2637.541666,15.207103,1104.086836,0.401960,/Users/pedrorebollo/projetos/traje_disc/experimento_v4/outputs/routes/route_437688c5b969.csv
6f96af1ddf61,338,ida,1870,4,4,5,3536,360,10.000000,250.000000,1.250000,1052,4.758744,0,0,passos_sem_dados,0,23.727376,1405.511792,2686.555213,10.698566,1748.083097,0.543664,/Users/pedrorebollo/projetos/traje_disc/experimento_v4/outputs/routes/route_6f96af1ddf61.csv
75de16171a46,338,ida,1870,4,4,5,3536,360,10.000000,250.000000,1.500000,1144,4.956270,0,0,passos_sem_dados,0,23.388009,1405.805003,2685.216452,10.868545,1810.153497,0.572038,/Users/pedrorebollo/projetos/traje_disc/experimento_v4/outputs/routes/route_75de16171a46.csv
8debf06ddfd7,338,ida,1870,4,4,5,3536,360,10.000000,250.000000,2.000000,264,4.519998,0,0,passos_sem_dados,0,22.652715,1383.292547,2575.887686,14.700041,588.030665,0.173151,/Users/pedrorebollo/projetos/traje_disc/experimento_v4/outputs/routes/route_8debf06ddfd7.csv
b053ca5ae6a6,338,ida,1870,4,4,5,3536,90,20.000000,250.000000,1.100000,480,5.216007,0,0,passos_sem_dados,0,23.133484,1394.731499,2639.706240,14.689065,967.166879,0.099251,/Users/pedrorebollo/projetos/traje_disc/experimento_v4/outputs/routes/route_b053ca5ae6a6.csv
00cc914d563a,338,ida,1870,4,4,5,3536,90,20.000000,250.000000,1.250000,680,4.575996,0,0,passos_sem_dados,0,23.133484,1434.802845,2702.412839,12.164593,1067.398179,0.103613,/Users/pedrorebollo/projetos/traje_disc/experimento_v4/outputs/routes/route_00cc914d563a.csv
fb01f2d47436,338,ida,1870,4,4,5,3536,90,20.000000,250.000000,1.500000,692,4.871260,0,0,passos_sem_dados,0,23.218326,1378.464156,2603.509711,12.685231,1078.743420,0.099718,/Users/pedrorebollo/projetos/traje_disc/experimento_v4/outputs/routes/route_fb01f2d47436.csv
ff4ee90ef4c8,338,ida,1870,4,4,5,3536,90,20.000000,250.000000,2.000000,292,4.907890,0,0,passos_sem_dados,0,23.614253,1384.306212,2573.527010,22.810489,808.780134,0.050661,/Users/pedrorebollo/projetos/traje_disc/experimento_v4/outputs/routes/route_ff4ee90ef4c8.csv
2b5a41fb71ce,338,ida,1870,4,4,5,3536,180,20.000000,250.000000,1.100000,532,4.731001,0,0,passos_sem_dados,0,23.981900,1424.415255,2707.691654,13.253814,1231.653028,0.197799,/Users/pedrorebollo/projetos/traje_disc/experimento_v4/outputs/routes/route_2b5a41fb71ce.csv
9e11fa416ea4,338,ida,1870,4,4,5,3536,180,20.000000,250.000000,1.250000,696,4.605928,0,0,passos_sem_dados,0,22.907240,1429.311063,2701.562341,11.981309,1264.413071,0.207626,/Users/pedrorebollo/projetos/traje_disc/experimento_v4/outputs/routes/route_9e11fa416ea4.csv
56ff38a23445,338,ida,1870,4,4,5,3536,180,20.000000,250.000000,1.500000,708,5.029461,0,0,passos_sem_dados,0,23.444570,1418.865834,2672.189201,11.642886,1000.254229,0.196633,/Users/pedrorebollo/projetos/traje_disc/experimento_v4/outputs/routes/route_56ff38a23445.csv
2a7670d45478,338,ida,1870,4,4,5,3536,180,20.000000,250.000000,2.000000,252,4.509559,0,0,passos_sem_dados,0,22.341629,1383.088699,2576.921362,15.395407,584.677956,0.084807,/Users/pedrorebollo/projetos/traje_disc/experimento_v4/outputs/routes/route_2a7670d45478.csv
f77b1a633fe0,338,ida,1870,4,4,5,3536,360,20.000000,250.000000,1.100000,512,4.685180,0,0,passos_sem_dados,0,24.349548,1434.215578,2700.167845,13.173498,876.748417,0.351513,/Users/pedrorebollo/projetos/traje_disc/experimento_v4/outputs/routes/route_f77b1a633fe0.csv
bd80c14db3bc,338,ida,1870,4,4,5,3536,360,20.000000,250.000000,1.250000,664,4.402872,0,0,passos_sem_dados,0,22.878959,1435.045142,2701.682216,10.754684,977.677231,0.378121,/Users/pedrorebollo/projetos/traje_disc/experimento_v4/outputs/routes/route_bd80c14db3bc.csv
91dbaaf571ff,338,ida,1870,4,4,5,3536,360,20.000000,250.000000,1.500000,696,4.735405,0,0,passos_sem_dados,0,23.190045,1427.198896,2703.802032,10.667785,1020.897008,0.377444,/Users/pedrorebollo/projetos/traje_disc/experimento_v4/outputs/routes/route_91dbaaf571ff.csv
fc37973f1169,338,ida,1870,4,4,5,3536,360,20.000000,250.000000,2.000000,252,4.510272,0,0,passos_sem_dados,0,22.426471,1382.953423,2577.160672,15.296151,581.898230,0.166915,/Users/pedrorebollo/projetos/traje_disc/experimento_v4/outputs/routes/route_fc37973f1169.csv
605c3dc2e20b,338,volta,1871,3,3,3,5181,90,5.000000,250.000000,1.100000,92,1.723603,0,0,passos_sem_dados,0,2.026636,2208.896310,3911.028975,118.861573,1404.644972,0.086892,/Users/pedrorebollo/projetos/traje_disc/experimento_v4/outputs/routes/route_605c3dc2e20b.csv
73f5163a2137,338,volta,1871,3,3,3,5181,90,5.000000,250.000000,1.250000,56,1.166965,0,0,passos_sem_dados,0,0.154410,2146.852966,3942.726403,56.483452,1047.357881,0.069523,/Users/pedrorebollo/projetos/traje_disc/experimento_v4/outputs/routes/route_73f5163a2137.csv
8b76f9cecd27,338,volta,1871,3,3,3,5181,90,5.000000,250.000000,1.500000,140,1.793175,0,0,passos_sem_dados,0,2.972399,2193.865733,3921.575725,98.442453,2539.442732,0.040679,/Users/pedrorebollo/projetos/traje_disc/experimento_v4/outputs/routes/route_8b76f9cecd27.csv
f93112dfc20a,338,volta,1871,3,3,3,5181,90,5.000000,250.000000,2.000000,76,0.936988,0,0,passos_sem_dados,0,2.547771,2199.039037,3932.416373,48.492179,1423.622370,0.067986,/Users/pedrorebollo/projetos/traje_disc/experimento_v4/outputs/routes/route_f93112dfc20a.csv
3f23cee39f38,338,volta,1871,3,3,3,5181,180,5.000000,250.000000,1.100000,64,1.068671,0,0,passos_sem_dados,0,1.042270,2206.659151,3942.893963,63.505729,1273.271908,0.114221,/Users/pedrorebollo/projetos/traje_disc/experimento_v4/outputs/routes/route_3f23cee39f38.csv
50b5529664f1,338,volta,1871,3,3,3,5181,180,5.000000,250.000000,1.250000,88,1.638765,0,0,passos_sem_dados,0,1.158078,2175.856858,3910.697866,94.133502,1208.732823,0.111008,/Users/pedrorebollo/projetos/traje_disc/experimento_v4/outputs/routes/route_50b5529664f1.csv
f55ae3549b88,338,volta,1871,3,3,3,5181,180,5.000000,250.000000,1.500000,196,1.978417,0,0,passos_sem_dados,0,3.184713,2145.176176,3921.906311,103.981070,3346.177013,0.106266,/Users/pedrorebollo/projetos/traje_disc/experimento_v4/outputs/routes/route_f55ae3549b88.csv
4a7e17c9bcfc,338,volta,1871,3,3,3,5181,180,5.000000,250.000000,2.000000,64,0.897802,0,0,passos_sem_dados,0,3.261919,2199.043661,3930.819020,65.174730,664.705396,0.083901,/Users/pedrorebollo/projetos/traje_disc/experimento_v4/outputs/routes/route_4a7e17c9bcfc.csv
d3be306f4494,338,volta,1871,3,3,3,5181,360,5.000000,250.000000,1.100000,64,1.113751,0,0,passos_sem_dados,0,1.331789,2199.974273,3942.815335,68.715376,1229.521010,0.232973,/Users/pedrorebollo/projetos/traje_disc/experimento_v4/outputs/routes/route_d3be306f4494.csv
d5a783c22a6b,338,volta,1871,3,3,3,5181,360,5.000000,250.000000,1.250000,68,1.063301,0,0,passos_sem_dados,0,0.752750,2186.199696,3942.808543,56.209927,1443.930624,0.202001,/Users/pedrorebollo/projetos/traje_disc/experimento_v4/outputs/routes/route_d5a783c22a6b.csv
04bc7d4cce0a,338,volta,1871,3,3,3,5181,360,5.000000,250.000000,1.500000,132,1.751407,0,0,passos_sem_dados,0,1.737116,2191.590927,3913.733376,93.118085,2550.896103,0.149968,/Users/pedrorebollo/projetos/traje_disc/experimento_v4/outputs/routes/route_04bc7d4cce0a.csv
2183b636dbc9,338,volta,1871,3,3,3,5181,360,5.000000,250.000000,2.000000,64,0.898223,0,0,passos_sem_dados,0,3.281220,2198.624266,3928.886321,65.472336,655.200723,0.159968,/Users/pedrorebollo/projetos/traje_disc/experimento_v4/outputs/routes/route_2183b636dbc9.csv
ae66febf6953,338,volta,1871,3,3,3,5181,90,10.000000,250.000000,1.100000,68,1.152245,0,0,passos_sem_dados,0,1.408994,2193.378107,3942.432475,69.108190,1236.007661,0.080561,/Users/pedrorebollo/projetos/traje_disc/experimento_v4/outputs/routes/route_ae66febf6953.csv
133c3364cdf0,338,volta,1871,3,3,3,5181,90,10.000000,250.000000,1.250000,96,1.584008,0,0,passos_sem_dados,0,2.489867,2173.696810,3929.177151,94.278117,1595.320049,0.092277,/Users/pedrorebollo/projetos/traje_disc/experimento_v4/outputs/routes/route_133c3364cdf0.csv
d8a496999aeb,338,volta,1871,3,3,3,5181,90,10.000000,250.000000,1.500000,196,2.477878,0,0,passos_sem_dados,0,2.354758,2123.774210,3887.574733,86.253140,2480.959585,0.056431,/Users/pedrorebollo/projetos/traje_disc/experimento_v4/outputs/routes/route_d8a496999aeb.csv
8e780b47d1ab,338,volta,1871,3,3,3,5181,90,10.000000,250.000000,2.000000,92,1.307043,0,0,passos_sem_dados,0,1.659911,2180.962979,3928.954889,90.154723,2385.673001,0.068927,/Users/pedrorebollo/projetos/traje_disc/experimento_v4/outputs/routes/route_8e780b47d1ab.csv
96ca1b668c89,338,volta,1871,3,3,3,5181,180,10.000000,250.000000,1.100000,68,1.150658,0,0,passos_sem_dados,0,1.428296,2193.362084,3942.749720,68.677418,1241.241073,0.112729,/Users/pedrorebollo/projetos/traje_disc/experimento_v4/outputs/routes/route_96ca1b668c89.csv
0cd5c989cbad,338,volta,1871,3,3,3,5181,180,10.000000,250.000000,1.250000,136,1.201835,0,0,passos_sem_dados,0,2.547771,2204.521302,3939.269278,78.280115,1430.938194,0.072826,/Users/pedrorebollo/projetos/traje_disc/experimento_v4/outputs/routes/route_0cd5c989cbad.csv
fc529ccb45b5,338,volta,1871,3,3,3,5181,180,10.000000,250.000000,1.500000,128,1.827845,0,0,passos_sem_dados,0,1.602007,2112.551775,3909.264791,90.379223,2090.486000,0.080000,/Users/pedrorebollo/projetos/traje_disc/experimento_v4/outputs/routes/route_fc529ccb45b5.csv
116c6bcaf89d,338,volta,1871,3,3,3,5181,180,10.000000,250.000000,2.000000,108,1.787712,0,0,passos_sem_dados,0,1.988033,2193.307849,3942.760404,96.953600,1712.339740,0.101007,/Users/pedrorebollo/projetos/traje_disc/experimento_v4/outputs/routes/route_116c6bcaf89d.csv
8dd882ee9ad3,338,volta,1871,3,3,3,5181,360,10.000000,250.000000,1.100000,792,8.791182,0,0,limite_comprimento,0,33.487744,503.142640,2214.896131,16.226880,730.488968,0.592923,/Users/pedrorebollo/projetos/traje_disc/experimento_v4/outputs/routes/route_8dd882ee9ad3.csv
06c5c4749b08,338,volta,1871,3,3,3,5181,360,10.000000,250.000000,1.250000,152,1.672679,0,0,passos_sem_dados,0,2.296854,2121.078814,3942.367840,74.472677,1447.551337,0.165741,/Users/pedrorebollo/projetos/traje_disc/experimento_v4/outputs/routes/route_06c5c4749b08.csv
3fbeab764a63,338,volta,1871,3,3,3,5181,360,10.000000,250.000000,1.500000,160,1.835776,0,0,passos_sem_dados,0,2.972399,2179.605711,3911.529812,99.286459,2600.492658,0.173444,/Users/pedrorebollo/projetos/traje_disc/experimento_v4/outputs/routes/route_3fbeab764a63.csv
01f37d152e4c,338,volta,1871,3,3,3,5181,360,10.000000,250.000000,2.000000,96,1.378391,0,0,passos_sem_dados,0,1.775719,2186.239154,3930.182427,91.681650,2249.723939,0.201865,/Users/pedrorebollo/projetos/traje_disc/experimento_v4/outputs/routes/route_01f37d152e4c.csv
71579798293a,338,volta,1871,3,3,3,5181,90,20.000000,250.000000,1.100000,68,1.145696,0,0,passos_sem_dados,0,1.331789,2192.823996,3943.113465,69.079900,1246.359156,0.088269,/Users/pedrorebollo/projetos/traje_disc/experimento_v4/outputs/routes/route_71579798293a.csv
4ba8d5bffbcb,338,volta,1871,3,3,3,5181,90,20.000000,250.000000,1.250000,108,1.384837,0,0,passos_sem_dados,0,1.795020,2164.004350,3943.112853,67.895712,1483.721278,0.099821,/Users/pedrorebollo/projetos/traje_disc/experimento_v4/outputs/routes/route_4ba8d5bffbcb.csv
9d08029d6fb1,338,volta,1871,3,3,3,5181,90,20.000000,250.000000,1.500000,148,1.863379,0,0,passos_sem_dados,0,2.431963,2117.050679,3916.123900,93.282507,2558.765795,0.044537,/Users/pedrorebollo/projetos/traje_disc/experimento_v4/outputs/routes/route_9d08029d6fb1.csv
2a694e2624f5,338,volta,1871,3,3,3,5181,90,20.000000,250.000000,2.000000,252,8.323968,0,0,limite_comprimento,0,22.215788,624.838179,2365.124426,57.683076,628.600323,0.117081,/Users/pedrorebollo/projetos/traje_disc/experimento_v4/outputs/routes/route_2a694e2624f5.csv
9819dacd3642,338,volta,1871,3,3,3,5181,180,20.000000,250.000000,1.100000,68,1.135471,0,0,passos_sem_dados,0,1.717815,2195.637170,3942.477996,67.940764,1228.846807,0.122186,/Users/pedrorebollo/projetos/traje_disc/experimento_v4/outputs/routes/route_9819dacd3642.csv
416abeecc7a6,338,volta,1871,3,3,3,5181,180,20.000000,250.000000,1.250000,92,1.963025,0,0,passos_sem_dados,0,1.852924,2183.778369,3890.263754,106.214591,1471.675892,0.122625,/Users/pedrorebollo/projetos/traje_disc/experimento_v4/outputs/routes/route_416abeecc7a6.csv
81191ea4b2e5,338,volta,1871,3,3,3,5181,180,20.000000,250.000000,1.500000,172,2.397024,0,0,passos_sem_dados,0,3.493534,2167.281172,3914.718665,94.219068,2303.216160,0.095453,/Users/pedrorebollo/projetos/traje_disc/experimento_v4/outputs/routes/route_81191ea4b2e5.csv
103a8566dd42,338,volta,1871,3,3,3,5181,180,20.000000,250.000000,2.000000,252,8.323968,0,0,limite_comprimento,0,22.215788,624.838179,2365.124426,57.683076,628.600323,0.133777,/Users/pedrorebollo/projetos/traje_disc/experimento_v4/outputs/routes/route_103a8566dd42.csv
ead1ef4af10a,338,volta,1871,3,3,3,5181,360,20.000000,250.000000,1.100000,68,1.139505,0,0,passos_sem_dados,0,1.814322,2194.832441,3942.478124,68.430088,1210.827213,0.242453,/Users/pedrorebollo/projetos/traje_disc/experimento_v4/outputs/routes/route_ead1ef4af10a.csv
e1e6beac77ff,338,volta,1871,3,3,3,5181,360,20.000000,250.000000,1.250000,96,1.793104,0,0,passos_sem_dados,0,2.200347,2183.394925,3890.388674,101.318896,1599.376118,0.258305,/Users/pedrorebollo/projetos/traje_disc/experimento_v4/outputs/routes/route_e1e6beac77ff.csv
d26338bb7fb4,338,volta,1871,3,3,3,5181,360,20.000000,250.000000,1.500000,148,1.755645,0,0,passos_sem_dados,0,2.953098,2210.392269,3916.022449,93.990957,2576.943302,0.156476,/Users/pedrorebollo/projetos/traje_disc/experimento_v4/outputs/routes/route_d26338bb7fb4.csv
e528961f5466,338,volta,1871,3,3,3,5181,360,20.000000,250.000000,2.000000,256,8.367539,0,0,limite_comprimento,0,21.212121,628.701122,2372.683304,58.341687,627.288650,0.271959,/Users/pedrorebollo/projetos/traje_disc/experimento_v4/outputs/routes/route_e528961f5466.csv
45b89f583a55,924,ida,2884,1,1,1,3487,90,5.000000,250.000000,1.100000,3484,16.866671,0,0,passos_sem_dados,0,59.535417,520.084732,2667.099673,4.716959,1375.392283,0.442944,/Users/pedrorebollo/projetos/traje_disc/experimento_v4/outputs/routes/route_45b89f583a55.csv
a2f381c67b2d,924,ida,2884,1,1,1,3487,90,5.000000,250.000000,1.250000,5096,18.748453,0,0,passos_sem_dados,0,61.428162,444.494069,2559.206816,4.494566,1826.027450,0.586085,/Users/pedrorebollo/projetos/traje_disc/experimento_v4/outputs/routes/route_a2f381c67b2d.csv
9a0092e93513,924,ida,2884,1,1,1,3487,90,5.000000,250.000000,1.500000,5148,18.644211,0,0,passos_sem_dados,0,58.646401,441.847415,2515.005317,5.469096,1980.397961,0.579096,/Users/pedrorebollo/projetos/traje_disc/experimento_v4/outputs/routes/route_9a0092e93513.csv
19a05aa204a1,924,ida,2884,1,1,1,3487,90,5.000000,250.000000,2.000000,732,16.570645,0,0,passos_sem_dados,0,47.060510,456.615631,2573.061950,16.726127,679.517285,0.111696,/Users/pedrorebollo/projetos/traje_disc/experimento_v4/outputs/routes/route_19a05aa204a1.csv
d45fcdffa6dc,924,ida,2884,1,1,1,3487,180,5.000000,250.000000,1.100000,3800,17.932976,0,0,passos_sem_dados,0,60.510467,449.555063,2593.650909,5.394497,1416.450398,0.924827,/Users/pedrorebollo/projetos/traje_disc/experimento_v4/outputs/routes/route_d45fcdffa6dc.csv
a3319c7a180a,924,ida,2884,1,1,1,3487,180,5.000000,250.000000,1.250000,5080,18.700414,0,0,passos_sem_dados,0,60.252366,446.480248,2561.216040,4.921861,1808.740572,1.108564,/Users/pedrorebollo/projetos/traje_disc/experimento_v4/outputs/routes/route_a3319c7a180a.csv
7b23ff79eb3b,924,ida,2884,1,1,1,3487,180,5.000000,250.000000,1.500000,5172,17.940170,0,0,passos_sem_dados,0,60.195010,449.138724,2571.594900,5.106593,2038.157510,1.086177,/Users/pedrorebollo/projetos/traje_disc/experimento_v4/outputs/routes/route_7b23ff79eb3b.csv
3061739bec2c,924,ida,2884,1,1,1,3487,180,5.000000,250.000000,2.000000,700,16.720607,0,0,passos_sem_dados,0,45.511901,426.721259,2348.757713,18.488023,671.728714,0.206274,/Users/pedrorebollo/projetos/traje_disc/experimento_v4/outputs/routes/route_3061739bec2c.csv
6c7705675da3,924,ida,2884,1,1,1,3487,360,5.000000,250.000000,1.100000,3616,17.809211,0,0,passos_sem_dados,0,60.223688,445.712289,2546.255038,5.672643,1293.560593,1.742983,/Users/pedrorebollo/projetos/traje_disc/experimento_v4/outputs/routes/route_6c7705675da3.csv
be563d6dcb19,924,ida,2884,1,1,1,3487,360,5.000000,250.000000,1.250000,4968,19.065250,0,0,passos_sem_dados,0,57.986808,450.891247,2578.159986,5.378221,1816.310847,2.125307,/Users/pedrorebollo/projetos/traje_disc/experimento_v4/outputs/routes/route_be563d6dcb19.csv
b6d5c57e5017,924,ida,2884,1,1,1,3487,360,5.000000,250.000000,1.500000,5248,19.113933,0,0,passos_sem_dados,0,61.084026,436.950142,2513.603777,4.805567,2079.840291,2.202063,/Users/pedrorebollo/projetos/traje_disc/experimento_v4/outputs/routes/route_b6d5c57e5017.csv
ba835ee43f44,924,ida,2884,1,1,1,3487,360,5.000000,250.000000,2.000000,564,16.519041,0,0,passos_sem_dados,0,38.829940,450.199964,2450.438381,26.894189,561.881788,0.340775,/Users/pedrorebollo/projetos/traje_disc/experimento_v4/outputs/routes/route_ba835ee43f44.csv
df1389af4107,924,ida,2884,1,1,1,3487,90,10.000000,250.000000,1.100000,3432,17.530232,0,0,passos_sem_dados,0,60.825925,458.278420,2668.548194,5.228143,1262.797874,0.445448,/Users/pedrorebollo/projetos/traje_disc/experimento_v4/outputs/routes/route_df1389af4107.csv
a15ef4eea41c,924,ida,2884,1,1,1,3487,90,10.000000,250.000000,1.250000,4308,18.203288,0,0,passos_sem_dados,0,60.739891,454.641205,2624.108668,4.695606,1644.814775,0.527247,/Users/pedrorebollo/projetos/traje_disc/experimento_v4/outputs/routes/route_a15ef4eea41c.csv
0b7fba627d66,924,ida,2884,1,1,1,3487,90,10.000000,250.000000,1.500000,4332,18.592848,0,0,passos_sem_dados,0,60.080298,446.812975,2552.080125,5.366294,1578.862141,0.510702,/Users/pedrorebollo/projetos/traje_disc/experimento_v4/outputs/routes/route_0b7fba627d66.csv
4dadc808847f,924,ida,2884,1,1,1,3487,90,10.000000,250.000000,2.000000,628,14.212563,0,0,passos_sem_dados,0,44.336106,536.279666,2653.492781,13.906136,638.165213,0.096286,/Users/pedrorebollo/projetos/traje_disc/experimento_v4/outputs/routes/route_4dadc808847f.csv
4c16359fa41c,924,ida,2884,1,1,1,3487,180,10.000000,250.000000,1.100000,3236,16.888134,0,0,passos_sem_dados,0,59.133926,521.769392,2668.377153,4.977080,1276.559531,0.815015,/Users/pedrorebollo/projetos/traje_disc/experimento_v4/outputs/routes/route_4c16359fa41c.csv
4da5ee643cb5,924,ida,2884,1,1,1,3487,180,10.000000,250.000000,1.250000,4336,18.398593,0,0,passos_sem_dados,0,60.854603,442.779493,2529.509232,4.995995,1621.249937,1.010262,/Users/pedrorebollo/projetos/traje_disc/experimento_v4/outputs/routes/route_4da5ee643cb5.csv
407f04c094d6,924,ida,2884,1,1,1,3487,180,10.000000,250.000000,1.500000,4496,18.551252,0,0,passos_sem_dados,0,61.141382,449.136388,2575.694013,5.504960,1725.608767,1.010463,/Users/pedrorebollo/projetos/traje_disc/experimento_v4/outputs/routes/route_407f04c094d6.csv
70897831483a,924,ida,2884,1,1,1,3487,180,10.000000,250.000000,2.000000,608,15.910224,0,0,passos_sem_dados,0,44.823631,332.608554,1658.135771,17.874205,581.852562,0.185583,/Users/pedrorebollo/projetos/traje_disc/experimento_v4/outputs/routes/route_70897831483a.csv
ce04cf8f3ca0,924,ida,2884,1,1,1,3487,360,10.000000,250.000000,1.100000,3272,15.954791,0,0,passos_sem_dados,0,58.359621,516.695324,2668.146990,4.887281,1296.860513,1.580409,/Users/pedrorebollo/projetos/traje_disc/experimento_v4/outputs/routes/route_ce04cf8f3ca0.csv
8194744a7f5d,924,ida,2884,1,1,1,3487,360,10.000000,250.000000,1.250000,4364,18.488653,0,0,passos_sem_dados,0,61.571551,442.745634,2531.078298,5.140814,1590.777185,1.989235,/Users/pedrorebollo/projetos/traje_disc/experimento_v4/outputs/routes/route_8194744a7f5d.csv
231e202fea09,924,ida,2884,1,1,1,3487,360,10.000000,250.000000,1.500000,4512,18.695281,0,0,passos_sem_dados,0,61.800975,448.902170,2581.246844,5.254443,1675.011570,1.967635,/Users/pedrorebollo/projetos/traje_disc/experimento_v4/outputs/routes/route_231e202fea09.csv
b9d3f684a8b5,924,ida,2884,1,1,1,3487,360,10.000000,250.000000,2.000000,500,16.224823,0,0,passos_sem_dados,0,37.195297,452.556455,2451.776828,29.510904,495.940040,0.317382,/Users/pedrorebollo/projetos/traje_disc/experimento_v4/outputs/routes/route_b9d3f684a8b5.csv
2d7542e2b786,924,ida,2884,1,1,1,3487,90,20.000000,250.000000,1.100000,2268,16.233838,0,0,passos_sem_dados,0,58.044164,515.680986,2666.406456,5.957082,886.138796,0.314327,/Users/pedrorebollo/projetos/traje_disc/experimento_v4/outputs/routes/route_2d7542e2b786.csv
a6015377c9ee,924,ida,2884,1,1,1,3487,90,20.000000,250.000000,1.250000,2752,17.736058,0,0,passos_sem_dados,0,60.682535,452.105012,2598.298073,6.685469,983.577624,0.360489,/Users/pedrorebollo/projetos/traje_disc/experimento_v4/outputs/routes/route_a6015377c9ee.csv
bde4ff11c07f,924,ida,2884,1,1,1,3487,90,20.000000,250.000000,1.500000,2924,18.428731,0,0,passos_sem_dados,0,61.485518,443.028963,2542.266703,6.743668,1102.680439,0.380636,/Users/pedrorebollo/projetos/traje_disc/experimento_v4/outputs/routes/route_bde4ff11c07f.csv
f598adca702e,924,ida,2884,1,1,1,3487,90,20.000000,250.000000,2.000000,500,16.654321,0,0,passos_sem_dados,0,37.453398,335.437392,1646.221487,26.615707,452.257443,0.082291,/Users/pedrorebollo/projetos/traje_disc/experimento_v4/outputs/routes/route_f598adca702e.csv
0916ff10a1ff,924,ida,2884,1,1,1,3487,180,20.000000,250.000000,1.100000,2256,17.491391,0,0,passos_sem_dados,0,59.908231,446.400400,2556.038189,6.469814,804.802790,0.634486,/Users/pedrorebollo/projetos/traje_disc/experimento_v4/outputs/routes/route_0916ff10a1ff.csv
1296c265bbdc,924,ida,2884,1,1,1,3487,180,20.000000,250.000000,1.250000,2712,18.194245,0,0,passos_sem_dados,0,60.108976,453.352178,2616.081745,6.561212,952.865058,0.693447,/Users/pedrorebollo/projetos/traje_disc/experimento_v4/outputs/routes/route_1296c265bbdc.csv
fb823d631c19,924,ida,2884,1,1,1,3487,180,20.000000,250.000000,1.500000,2812,18.158412,0,0,passos_sem_dados,0,60.682535,448.620332,2584.659427,7.520406,1017.222002,0.705167,/Users/pedrorebollo/projetos/traje_disc/experimento_v4/outputs/routes/route_fb823d631c19.csv
34bf4a1a646f,924,ida,2884,1,1,1,3487,180,20.000000,250.000000,2.000000,612,17.712480,0,0,passos_sem_dados,0,41.583023,467.865007,2643.742868,23.678695,638.677932,0.192334,/Users/pedrorebollo/projetos/traje_disc/experimento_v4/outputs/routes/route_34bf4a1a646f.csv
b680041ab011,924,ida,2884,1,1,1,3487,360,20.000000,250.000000,1.100000,2288,17.458719,0,0,passos_sem_dados,0,59.678807,458.615485,2666.698545,6.165386,830.961743,1.239016,/Users/pedrorebollo/projetos/traje_disc/experimento_v4/outputs/routes/route_b680041ab011.csv
2d0b95ad0a51,924,ida,2884,1,1,1,3487,360,20.000000,250.000000,1.250000,2668,17.771553,0,0,passos_sem_dados,0,59.535417,455.578378,2632.221921,6.506778,999.677445,1.327521,/Users/pedrorebollo/projetos/traje_disc/experimento_v4/outputs/routes/route_2d0b95ad0a51.csv
a928028e82f6,924,ida,2884,1,1,1,3487,360,20.000000,250.000000,1.500000,2912,17.947138,0,0,passos_sem_dados,0,62.890737,444.049442,2541.815013,6.103022,1050.579681,1.410690,/Users/pedrorebollo/projetos/traje_disc/experimento_v4/outputs/routes/route_a928028e82f6.csv
6dfba461e7fd,924,ida,2884,1,1,1,3487,360,20.000000,250.000000,2.000000,544,14.606173,0,0,passos_sem_dados,0,37.453398,542.819237,2659.400952,20.715926,585.343048,0.327713,/Users/pedrorebollo/projetos/traje_disc/experimento_v4/outputs/routes/route_6dfba461e7fd.csv
2e07bb3bb576,924,volta,3916,1,1,1,916,90,5.000000,250.000000,1.100000,124,0.626630,0,0,passos_sem_dados,0,5.786026,5124.712780,14452.458898,10.253375,1271.875226,0.013515,/Users/pedrorebollo/projetos/traje_disc/experimento_v4/outputs/routes/route_2e07bb3bb576.csv
53e542a5068d,924,volta,3916,1,1,1,916,90,5.000000,250.000000,1.250000,136,0.623280,0,0,passos_sem_dados,0,5.895197,5126.092500,14456.289921,9.954190,1398.160904,0.013928,/Users/pedrorebollo/projetos/traje_disc/experimento_v4/outputs/routes/route_53e542a5068d.csv
63b7ed9660ff,924,volta,3916,1,1,1,916,90,5.000000,250.000000,1.500000,124,0.644493,0,0,passos_sem_dados,0,5.895197,5118.266681,14435.584999,11.510471,933.453236,0.013469,/Users/pedrorebollo/projetos/traje_disc/experimento_v4/outputs/routes/route_63b7ed9660ff.csv
64e915144ec3,924,volta,3916,1,1,1,916,90,5.000000,250.000000,2.000000,104,0.570618,0,0,passos_sem_dados,0,5.895197,5135.984697,14479.043453,7.648742,964.683563,0.031839,/Users/pedrorebollo/projetos/traje_disc/experimento_v4/outputs/routes/route_64e915144ec3.csv
115d6104883c,924,volta,3916,1,1,1,916,180,5.000000,250.000000,1.100000,128,0.629195,0,0,passos_sem_dados,0,5.895197,5125.026405,14453.357746,9.969777,1331.948353,0.025439,/Users/pedrorebollo/projetos/traje_disc/experimento_v4/outputs/routes/route_115d6104883c.csv
6fb70b4187c0,924,volta,3916,1,1,1,916,180,5.000000,250.000000,1.250000,132,0.623628,0,0,passos_sem_dados,0,5.895197,5126.111267,14456.376813,9.984700,1432.222525,0.026753,/Users/pedrorebollo/projetos/traje_disc/experimento_v4/outputs/routes/route_6fb70b4187c0.csv
8e252f3ef314,924,volta,3916,1,1,1,916,180,5.000000,250.000000,1.500000,132,0.647313,0,0,passos_sem_dados,0,5.895197,5118.294230,14435.554741,10.588124,1326.351526,0.026992,/Users/pedrorebollo/projetos/traje_disc/experimento_v4/outputs/routes/route_8e252f3ef314.csv
3d7f526ebcbd,924,volta,3916,1,1,1,916,180,5.000000,250.000000,2.000000,92,0.568802,0,0,passos_sem_dados,0,5.895197,5135.928012,14478.316582,8.338909,1008.345964,0.040203,/Users/pedrorebollo/projetos/traje_disc/experimento_v4/outputs/routes/route_3d7f526ebcbd.csv
fd2ba2f661d5,924,volta,3916,1,1,1,916,360,5.000000,250.000000,1.100000,128,0.628793,0,0,passos_sem_dados,0,5.895197,5124.820364,14452.608489,9.897273,1349.122931,0.049749,/Users/pedrorebollo/projetos/traje_disc/experimento_v4/outputs/routes/route_fd2ba2f661d5.csv
6533775baa2b,924,volta,3916,1,1,1,916,360,5.000000,250.000000,1.250000,132,0.623515,0,0,passos_sem_dados,0,5.895197,5125.930265,14455.648819,9.976890,1429.013575,0.051219,/Users/pedrorebollo/projetos/traje_disc/experimento_v4/outputs/routes/route_6533775baa2b.csv
cabb4b454b3a,924,volta,3916,1,1,1,916,360,5.000000,250.000000,1.500000,132,0.614357,0,0,passos_sem_dados,0,5.895197,5126.508397,14456.548781,10.289196,1026.365648,0.051713,/Users/pedrorebollo/projetos/traje_disc/experimento_v4/outputs/routes/route_cabb4b454b3a.csv
7eeb25b6699d,924,volta,3916,1,1,1,916,360,5.000000,250.000000,2.000000,92,0.566517,0,0,passos_sem_dados,0,5.895197,5136.802154,14480.417740,8.168910,1111.757575,0.078414,/Users/pedrorebollo/projetos/traje_disc/experimento_v4/outputs/routes/route_7eeb25b6699d.csv
4a86f38f5f83,924,volta,3916,1,1,1,916,90,10.000000,250.000000,1.100000,220,9.208973,0,0,passos_sem_dados,0,8.406114,2883.817854,7534.042315,1644.390266,74.086904,0.058623,/Users/pedrorebollo/projetos/traje_disc/experimento_v4/outputs/routes/route_4a86f38f5f83.csv
20ad646a658e,924,volta,3916,1,1,1,916,90,10.000000,250.000000,1.250000,168,6.877468,0,0,passos_sem_dados,0,7.860262,3516.358475,9728.124754,1224.486430,97.647812,0.050844,/Users/pedrorebollo/projetos/traje_disc/experimento_v4/outputs/routes/route_20ad646a658e.csv
f4417d9a09f3,924,volta,3916,1,1,1,916,90,10.000000,250.000000,1.500000,100,0.637471,0,0,passos_sem_dados,0,5.786026,5120.002551,14439.248015,13.460335,861.069994,0.034931,/Users/pedrorebollo/projetos/traje_disc/experimento_v4/outputs/routes/route_f4417d9a09f3.csv
8f6fe4be2a62,924,volta,3916,1,1,1,916,90,10.000000,250.000000,2.000000,88,0.562543,0,0,passos_sem_dados,0,5.786026,5136.148928,14478.781060,8.890139,546.116945,0.030409,/Users/pedrorebollo/projetos/traje_disc/experimento_v4/outputs/routes/route_8f6fe4be2a62.csv
c763f2b1de34,924,volta,3916,1,1,1,916,180,10.000000,250.000000,1.100000,220,9.208973,0,0,passos_sem_dados,0,8.406114,2883.817854,7534.042315,1644.390266,74.086904,0.072520,/Users/pedrorebollo/projetos/traje_disc/experimento_v4/outputs/routes/route_c763f2b1de34.csv
5df36eae6571,924,volta,3916,1,1,1,916,180,10.000000,250.000000,1.250000,168,6.877468,0,0,passos_sem_dados,0,7.860262,3516.358475,9728.124754,1224.486430,97.647812,0.062035,/Users/pedrorebollo/projetos/traje_disc/experimento_v4/outputs/routes/route_5df36eae6571.csv
5e8f6a7db9e1,924,volta,3916,1,1,1,916,180,10.000000,250.000000,1.500000,100,0.548044,0,0,passos_sem_dados,0,5.786026,5140.743992,14490.970917,8.159967,777.058957,0.046070,/Users/pedrorebollo/projetos/traje_disc/experimento_v4/outputs/routes/route_5e8f6a7db9e1.csv
c2d2bd8bd1fc,924,volta,3916,1,1,1,916,180,10.000000,250.000000,2.000000,76,0.559693,0,0,passos_sem_dados,0,5.786026,5136.447857,14479.191622,9.447437,706.051187,0.037962,/Users/pedrorebollo/projetos/traje_disc/experimento_v4/outputs/routes/route_c2d2bd8bd1fc.csv
71f140d2127f,924,volta,3916,1,1,1,916,360,10.000000,250.000000,1.100000,248,10.989493,0,0,passos_sem_dados,0,9.170306,2458.943932,6010.700237,1848.507767,70.781596,0.148440,/Users/pedrorebollo/projetos/traje_disc/experimento_v4/outputs/routes/route_71f140d2127f.csv
4ea50b964273,924,volta,3916,1,1,1,916,360,10.000000,250.000000,1.250000,168,6.876549,0,0,passos_sem_dados,0,7.423581,3518.560919,9733.078138,1222.659726,100.341751,0.122526,/Users/pedrorebollo/projetos/traje_disc/experimento_v4/outputs/routes/route_4ea50b964273.csv
4b089d6ba598,924,volta,3916,1,1,1,916,360,10.000000,250.000000,1.500000,96,0.613390,0,0,passos_sem_dados,0,5.676856,5124.954375,14452.749924,13.073763,599.134290,0.085537,/Users/pedrorebollo/projetos/traje_disc/experimento_v4/outputs/routes/route_4b089d6ba598.csv
4f2d90e34cdb,924,volta,3916,1,1,1,916,360,10.000000,250.000000,2.000000,76,0.558991,0,0,passos_sem_dados,0,5.786026,5136.932417,14480.556884,9.710337,760.552850,0.073829,/Users/pedrorebollo/projetos/traje_disc/experimento_v4/outputs/routes/route_4f2d90e34cdb.csv
51afd8a66e6f,924,volta,3916,1,1,1,916,90,20.000000,250.000000,1.100000,68,0.591083,0,0,passos_sem_dados,0,5.567686,5131.052065,14458.031493,15.606178,354.688590,0.025601,/Users/pedrorebollo/projetos/traje_disc/experimento_v4/outputs/routes/route_51afd8a66e6f.csv
cd6448126d6c,924,volta,3916,1,1,1,916,90,20.000000,250.000000,1.250000,200,9.212019,0,0,passos_sem_dados,0,7.751092,2909.814147,7593.129036,1670.964305,74.543413,0.052440,/Users/pedrorebollo/projetos/traje_disc/experimento_v4/outputs/routes/route_cd6448126d6c.csv
abe86ace70e7,924,volta,3916,1,1,1,916,90,20.000000,250.000000,1.500000,172,9.214940,0,0,passos_sem_dados,0,6.986900,2890.920496,7526.455773,1657.310497,78.160558,0.050281,/Users/pedrorebollo/projetos/traje_disc/experimento_v4/outputs/routes/route_abe86ace70e7.csv
b3f447883692,924,volta,3916,1,1,1,916,90,20.000000,250.000000,2.000000,64,0.692369,0,0,passos_sem_dados,0,5.676856,5155.338711,14517.741569,9.936692,511.766431,0.028306,/Users/pedrorebollo/projetos/traje_disc/experimento_v4/outputs/routes/route_b3f447883692.csv
7f7635e66a63,924,volta,3916,1,1,1,916,180,20.000000,250.000000,1.100000,68,0.591027,0,0,passos_sem_dados,0,5.567686,5131.127863,14458.132953,15.070640,383.180694,0.032946,/Users/pedrorebollo/projetos/traje_disc/experimento_v4/outputs/routes/route_7f7635e66a63.csv
1e12d3d3f717,924,volta,3916,1,1,1,916,180,20.000000,250.000000,1.250000,200,9.212019,0,0,passos_sem_dados,0,7.751092,2909.814147,7593.129036,1670.964305,74.543413,0.059681,/Users/pedrorebollo/projetos/traje_disc/experimento_v4/outputs/routes/route_1e12d3d3f717.csv
5479d589e3a5,924,volta,3916,1,1,1,916,180,20.000000,250.000000,1.500000,172,9.214940,0,0,passos_sem_dados,0,6.986900,2890.920496,7526.455773,1657.310497,78.160558,0.061061,/Users/pedrorebollo/projetos/traje_disc/experimento_v4/outputs/routes/route_5479d589e3a5.csv
b58624f23da3,924,volta,3916,1,1,1,916,180,20.000000,250.000000,2.000000,64,0.691571,0,0,passos_sem_dados,0,5.676856,5155.077918,14516.734214,9.698605,513.970303,0.040378,/Users/pedrorebollo/projetos/traje_disc/experimento_v4/outputs/routes/route_b58624f23da3.csv
bb8492e3ed28,924,volta,3916,1,1,1,916,360,20.000000,250.000000,1.100000,68,0.590510,0,0,passos_sem_dados,0,5.567686,5131.548488,14457.775017,15.270630,385.414138,0.063956,/Users/pedrorebollo/projetos/traje_disc/experimento_v4/outputs/routes/route_bb8492e3ed28.csv
c08024ec441a,924,volta,3916,1,1,1,916,360,20.000000,250.000000,1.250000,252,11.321960,0,0,passos_sem_dados,0,9.170306,2375.673778,5687.760315,1971.964638,64.186345,0.136820,/Users/pedrorebollo/projetos/traje_disc/experimento_v4/outputs/routes/route_c08024ec441a.csv
91c56ac65f9b,924,volta,3916,1,1,1,916,360,20.000000,250.000000,1.500000,172,9.216050,0,0,passos_sem_dados,0,6.768559,2890.194763,7523.259429,1656.627850,78.194569,0.118658,/Users/pedrorebollo/projetos/traje_disc/experimento_v4/outputs/routes/route_91c56ac65f9b.csv
3cf650ee4e43,924,volta,3916,1,1,1,916,360,20.000000,250.000000,2.000000,64,0.691805,0,0,passos_sem_dados,0,5.676856,5155.574881,14516.778561,9.931678,517.626822,0.076215,/Users/pedrorebollo/projetos/traje_disc/experimento_v4/outputs/routes/route_3cf650ee4e43.csv
f56f6b19c586,658,ida,2114,3,3,3,7167,90,5.000000,250.000000,1.100000,2540,11.800581,1,0,chegada_destino,1,51.569694,86.975009,314.948493,6.914215,1601.784840,0.389626,/Users/pedrorebollo/projetos/traje_disc/experimento_v4/outputs/routes/route_f56f6b19c586.csv
6fd87bd2869a,658,ida,2114,3,3,3,7167,90,5.000000,250.000000,1.250000,3756,11.924044,0,0,limite_comprimento,0,56.076462,81.848087,308.382379,6.552005,2636.461984,0.535444,/Users/pedrorebollo/projetos/traje_disc/experimento_v4/outputs/routes/route_6fd87bd2869a.csv
1dd191b640aa,658,ida,2114,3,3,3,7167,90,5.000000,250.000000,1.500000,4304,11.699749,0,0,limite_comprimento,0,54.276545,87.550230,324.634421,4.897861,3484.812478,0.613527,/Users/pedrorebollo/projetos/traje_disc/experimento_v4/outputs/routes/route_1dd191b640aa.csv
a198ac9553df,658,ida,2114,3,3,3,7167,90,5.000000,250.000000,2.000000,984,11.518626,1,0,chegada_destino,1,47.914051,77.457717,221.752205,17.849812,1074.257290,0.151271,/Users/pedrorebollo/projetos/traje_disc/experimento_v4/outputs/routes/route_a198ac9553df.csv
d0393ebd3baf,658,ida,2114,3,3,3,7167,180,5.000000,250.000000,1.100000,2500,11.444476,1,0,chegada_destino,1,49.490721,88.826899,311.418861,7.106802,1623.210644,0.711032,/Users/pedrorebollo/projetos/traje_disc/experimento_v4/outputs/routes/route_d0393ebd3baf.csv
77c1ab9cae4d,658,ida,2114,3,3,3,7167,180,5.000000,250.000000,1.250000,3448,12.116360,0,0,limite_comprimento,0,50.648807,84.001699,299.366488,6.940878,2270.979862,0.956939,/Users/pedrorebollo/projetos/traje_disc/experimento_v4/outputs/routes/route_77c1ab9cae4d.csv
d0bd6d96b4b4,658,ida,2114,3,3,3,7167,180,5.000000,250.000000,1.500000,3912,11.892877,0,0,limite_comprimento,0,49.602344,122.859966,511.491005,7.132478,2755.417516,1.047519,/Users/pedrorebollo/projetos/traje_disc/experimento_v4/outputs/routes/route_d0bd6d96b4b4.csv
12d699166a89,658,ida,2114,3,3,3,7167,180,5.000000,250.000000,2.000000,792,12.033116,0,0,limite_comprimento,0,47.439654,77.242342,212.492576,19.975488,884.811181,0.247262,/Users/pedrorebollo/projetos/traje_disc/experimento_v4/outputs/routes/route_12d699166a89.csv
a0e474ae9542,658,ida,2114,3,3,3,7167,360,5.000000,250.000000,1.100000,2504,11.942542,0,0,limite_comprimento,0,51.988280,74.713130,283.821581,7.494685,1661.826391,1.448031,/Users/pedrorebollo/projetos/traje_disc/experimento_v4/outputs/routes/route_a0e474ae9542.csv
6bd606b913ef,658,ida,2114,3,3,3,7167,360,5.000000,250.000000,1.250000,3576,11.911326,0,0,limite_comprimento,0,52.574299,89.326216,329.430363,6.555774,2556.638740,1.970542,/Users/pedrorebollo/projetos/traje_disc/experimento_v4/outputs/routes/route_6bd606b913ef.csv
018cf68b97d8,658,ida,2114,3,3,3,7167,360,5.000000,250.000000,1.500000,4164,11.677123,0,0,limite_comprimento,0,50.788335,123.997205,541.431010,5.441777,3116.000246,2.158673,/Users/pedrorebollo/projetos/traje_disc/experimento_v4/outputs/routes/route_018cf68b97d8.csv
7629047ac1ae,658,ida,2114,3,3,3,7167,360,5.000000,250.000000,2.000000,672,10.079122,1,0,chegada_destino,1,43.560765,92.597239,268.150500,20.045149,776.870706,0.408479,/Users/pedrorebollo/projetos/traje_disc/experimento_v4/outputs/routes/route_7629047ac1ae.csv
15d8055d335b,658,ida,2114,3,3,3,7167,90,10.000000,250.000000,1.100000,1848,12.058961,0,0,limite_comprimento,0,50.216269,74.714668,234.754478,9.108534,1156.638721,0.290175,/Users/pedrorebollo/projetos/traje_disc/experimento_v4/outputs/routes/route_15d8055d335b.csv
32b769827ed5,658,ida,2114,3,3,3,7167,90,10.000000,250.000000,1.250000,2404,12.077887,1,0,chegada_destino,1,54.206781,82.270014,279.865395,9.756030,1485.360767,0.342663,/Users/pedrorebollo/projetos/traje_disc/experimento_v4/outputs/routes/route_32b769827ed5.csv
05383092e10d,658,ida,2114,3,3,3,7167,90,10.000000,250.000000,1.500000,2572,11.680870,0,0,limite_comprimento,0,49.476769,96.586445,332.806537,10.253664,1969.800274,0.366056,/Users/pedrorebollo/projetos/traje_disc/experimento_v4/outputs/routes/route_05383092e10d.csv
52208a060a25,658,ida,2114,3,3,3,7167,90,10.000000,250.000000,2.000000,732,11.350203,1,0,chegada_destino,1,45.290917,86.169109,235.685318,23.331575,877.109316,0.119476,/Users/pedrorebollo/projetos/traje_disc/experimento_v4/outputs/routes/route_52208a060a25.csv
5627b7329728,658,ida,2114,3,3,3,7167,180,10.000000,250.000000,1.100000,1908,11.701656,0,0,limite_comprimento,0,54.332357,79.594236,297.143633,8.548498,1380.891839,0.580141,/Users/pedrorebollo/projetos/traje_disc/experimento_v4/outputs/routes/route_5627b7329728.csv
5f1a88ca531d,658,ida,2114,3,3,3,7167,180,10.000000,250.000000,1.250000,2636,11.880211,0,0,limite_comprimento,0,58.141482,82.443939,311.735910,6.420954,1923.488880,0.726609,/Users/pedrorebollo/projetos/traje_disc/experimento_v4/outputs/routes/route_5f1a88ca531d.csv
3c355f06af26,658,ida,2114,3,3,3,7167,180,10.000000,250.000000,1.500000,2692,11.814258,0,0,limite_comprimento,0,54.960234,82.254036,291.827984,10.103459,2035.129385,0.738067,/Users/pedrorebollo/projetos/traje_disc/experimento_v4/outputs/routes/route_3c355f06af26.csv
fed90fae4999,658,ida,2114,3,3,3,7167,180,10.000000,250.000000,2.000000,784,11.373956,1,0,chegada_destino,1,46.490861,82.844845,265.639876,21.726683,988.829363,0.234393,/Users/pedrorebollo/projetos/traje_disc/experimento_v4/outputs/routes/route_fed90fae4999.csv
9d59465536cb,658,ida,2114,3,3,3,7167,360,10.000000,250.000000,1.100000,1924,12.157587,1,0,chegada_destino,1,53.020790,73.238897,232.567959,8.295314,1185.022858,1.096251,/Users/pedrorebollo/projetos/traje_disc/experimento_v4/outputs/routes/route_9d59465536cb.csv
30e1bab4326b,658,ida,2114,3,3,3,7167,360,10.000000,250.000000,1.250000,2288,11.752973,0,0,limite_comprimento,0,50.830194,88.644465,329.149040,10.218259,1613.231616,1.266970,/Users/pedrorebollo/projetos/traje_disc/experimento_v4/outputs/routes/route_30e1bab4326b.csv
376ee672242c,658,ida,2114,3,3,3,7167,360,10.000000,250.000000,1.500000,2656,11.954390,0,0,limite_comprimento,0,53.062648,98.723907,367.247909,9.615057,1833.913739,1.416877,/Users/pedrorebollo/projetos/traje_disc/experimento_v4/outputs/routes/route_376ee672242c.csv
149fa8ad0903,658,ida,2114,3,3,3,7167,360,10.000000,250.000000,2.000000,696,10.716463,1,0,chegada_destino,1,43.337519,98.405424,314.418696,23.319598,779.689723,0.400387,/Users/pedrorebollo/projetos/traje_disc/experimento_v4/outputs/routes/route_149fa8ad0903.csv
db509a619e40,658,ida,2114,3,3,3,7167,90,20.000000,250.000000,1.100000,1312,12.059931,1,0,chegada_destino,1,52.016185,72.512548,230.033006,11.733174,966.044117,0.214574,/Users/pedrorebollo/projetos/traje_disc/experimento_v4/outputs/routes/route_db509a619e40.csv
ac81cba6afc6,658,ida,2114,3,3,3,7167,90,20.000000,250.000000,1.250000,1624,11.893932,0,0,limite_comprimento,0,54.332357,84.666110,303.062711,13.185523,1362.329367,0.257440,/Users/pedrorebollo/projetos/traje_disc/experimento_v4/outputs/routes/route_ac81cba6afc6.csv
cd7b557cb8d4,658,ida,2114,3,3,3,7167,90,20.000000,250.000000,1.500000,1640,11.788584,1,0,chegada_destino,1,54.150970,77.561459,257.592074,9.710207,1191.002082,0.247867,/Users/pedrorebollo/projetos/traje_disc/experimento_v4/outputs/routes/route_cd7b557cb8d4.csv
9d018f764098,658,ida,2114,3,3,3,7167,90,20.000000,250.000000,2.000000,760,10.529117,1,0,chegada_destino,1,46.714106,80.171353,243.684320,19.006351,972.978911,0.120160,/Users/pedrorebollo/projetos/traje_disc/experimento_v4/outputs/routes/route_9d018f764098.csv
b5464d8b7cff,658,ida,2114,3,3,3,7167,180,20.000000,250.000000,1.100000,1332,11.777740,0,0,limite_comprimento,0,52.727780,93.303489,328.632150,12.951487,1090.219341,0.418712,/Users/pedrorebollo/projetos/traje_disc/experimento_v4/outputs/routes/route_b5464d8b7cff.csv
8e2e0af81fae,658,ida,2114,3,3,3,7167,180,20.000000,250.000000,1.250000,1600,11.521917,0,0,limite_comprimento,0,54.736989,83.659276,308.469454,10.754695,1458.531243,0.491730,/Users/pedrorebollo/projetos/traje_disc/experimento_v4/outputs/routes/route_8e2e0af81fae.csv
e5fde7136a34,658,ida,2114,3,3,3,7167,180,20.000000,250.000000,1.500000,1696,11.841514,0,0,limite_comprimento,0,57.555463,80.359516,328.794019,14.550383,1375.114817,0.494771,/Users/pedrorebollo/projetos/traje_disc/experimento_v4/outputs/routes/route_e5fde7136a34.csv
46280569d009,658,ida,2114,3,3,3,7167,180,20.000000,250.000000,2.000000,696,12.125674,0,0,limite_comprimento,0,44.146784,87.885213,253.118854,24.624022,812.593192,0.217215,/Users/pedrorebollo/projetos/traje_disc/experimento_v4/outputs/routes/route_46280569d009.csv
867c7bc6feb7,658,ida,2114,3,3,3,7167,360,20.000000,250.000000,1.100000,1348,11.881357,0,0,limite_comprimento,0,50.732524,86.300646,314.861103,12.157300,1058.843899,0.836313,/Users/pedrorebollo/projetos/traje_disc/experimento_v4/outputs/routes/route_867c7bc6feb7.csv
81f8196b8e08,658,ida,2114,3,3,3,7167,360,20.000000,250.000000,1.250000,1548,11.764089,0,0,limite_comprimento,0,53.690526,84.646073,324.650392,13.881184,1283.791192,0.926783,/Users/pedrorebollo/projetos/traje_disc/experimento_v4/outputs/routes/route_81f8196b8e08.csv
4258c2bb3647,658,ida,2114,3,3,3,7167,360,20.000000,250.000000,1.500000,1680,11.743694,0,0,limite_comprimento,0,56.718292,81.051865,307.240042,14.467942,1410.939269,0.941324,/Users/pedrorebollo/projetos/traje_disc/experimento_v4/outputs/routes/route_4258c2bb3647.csv
de03982a90b5,658,ida,2114,3,3,3,7167,360,20.000000,250.000000,2.000000,564,10.057853,1,0,chegada_destino,1,41.942235,93.339997,294.185414,24.378667,575.081042,0.334519,/Users/pedrorebollo/projetos/traje_disc/experimento_v4/outputs/routes/route_de03982a90b5.csv
86aef8627387,658,volta,2115,3,3,3,5051,90,5.000000,250.000000,1.100000,644,6.138369,0,0,passos_sem_dados,0,12.730152,1513.742069,4763.798509,20.608936,1743.212503,0.146738,/Users/pedrorebollo/projetos/traje_disc/experimento_v4/outputs/routes/route_86aef8627387.csv
0589638986a1,658,volta,2115,3,3,3,5051,90,5.000000,250.000000,1.250000,744,6.299671,0,0,passos_sem_dados,0,13.918036,1503.605358,4760.453401,16.085911,1940.888663,0.152354,/Users/pedrorebollo/projetos/traje_disc/experimento_v4/outputs/routes/route_0589638986a1.csv
8faf81a348b4,658,volta,2115,3,3,3,5051,90,5.000000,250.000000,1.500000,2872,11.045636,1,0,chegada_destino,1,46.921402,127.539792,509.950590,9.114312,2312.869044,0.394662,/Users/pedrorebollo/projetos/traje_disc/experimento_v4/outputs/routes/route_8faf81a348b4.csv
51d93d47d13a,658,volta,2115,3,3,3,5051,90,5.000000,250.000000,2.000000,652,8.638540,1,0,chegada_destino,1,44.288260,137.964357,530.639698,13.412304,703.460874,0.099636,/Users/pedrorebollo/projetos/traje_disc/experimento_v4/outputs/routes/route_51d93d47d13a.csv
df90da6668cf,658,volta,2115,3,3,3,5051,180,5.000000,250.000000,1.100000,1220,10.613325,0,0,limite_comprimento,0,33.201346,329.932754,1877.567224,13.875565,1480.940225,0.435806,/Users/pedrorebollo/projetos/traje_disc/experimento_v4/outputs/routes/route_df90da6668cf.csv
a43a85a0ce65,658,volta,2115,3,3,3,5051,180,5.000000,250.000000,1.250000,812,6.339252,0,0,passos_sem_dados,0,14.294199,1485.358347,4762.493968,16.405963,2460.248736,0.318952,/Users/pedrorebollo/projetos/traje_disc/experimento_v4/outputs/routes/route_a43a85a0ce65.csv
d0ba4fc04dd8,658,volta,2115,3,3,3,5051,180,5.000000,250.000000,1.500000,1704,11.360466,0,0,limite_comprimento,0,30.093051,749.134719,3300.994075,22.128869,1826.025675,0.535368,/Users/pedrorebollo/projetos/traje_disc/experimento_v4/outputs/routes/route_d0ba4fc04dd8.csv
9bcc659735bd,658,volta,2115,3,3,3,5051,180,5.000000,250.000000,2.000000,584,11.382767,0,0,limite_comprimento,0,33.478519,215.299577,1333.521962,34.453475,993.475528,0.218915,/Users/pedrorebollo/projetos/traje_disc/experimento_v4/outputs/routes/route_9bcc659735bd.csv
43185c40141e,658,volta,2115,3,3,3,5051,360,5.000000,250.000000,1.100000,1316,11.113539,0,0,limite_comprimento,0,35.260344,207.068293,1341.250999,11.725403,1241.672201,0.834467,/Users/pedrorebollo/projetos/traje_disc/experimento_v4/outputs/routes/route_43185c40141e.csv
1bb3d60cec60,658,volta,2115,3,3,3,5051,360,5.000000,250.000000,1.250000,1896,11.224254,0,0,limite_comprimento,0,39.200158,344.766105,2000.646753,10.151979,1823.309236,1.132033,/Users/pedrorebollo/projetos/traje_disc/experimento_v4/outputs/routes/route_1bb3d60cec60.csv
056a42f0ad35,658,volta,2115,3,3,3,5051,360,5.000000,250.000000,1.500000,1460,10.762910,0,0,limite_comprimento,0,24.074441,986.547201,3931.761413,15.472896,1979.371894,0.963380,/Users/pedrorebollo/projetos/traje_disc/experimento_v4/outputs/routes/route_056a42f0ad35.csv
ceb6dee5f468,658,volta,2115,3,3,3,5051,360,5.000000,250.000000,2.000000,580,11.524561,0,0,limite_comprimento,0,33.557711,144.529008,790.645469,28.946809,957.746424,0.397170,/Users/pedrorebollo/projetos/traje_disc/experimento_v4/outputs/routes/route_ceb6dee5f468.csv
d25545de3307,658,volta,2115,3,3,3,5051,90,10.000000,250.000000,1.100000,632,9.632666,0,0,passos_sem_dados,0,21.718472,1157.455481,4330.774995,28.087882,1189.021936,0.147484,/Users/pedrorebollo/projetos/traje_disc/experimento_v4/outputs/routes/route_d25545de3307.csv
3010b8c80b49,658,volta,2115,3,3,3,5051,90,10.000000,250.000000,1.250000,944,10.817391,0,0,limite_comprimento,0,23.559691,973.713450,3906.376205,19.229237,1603.362642,0.199317,/Users/pedrorebollo/projetos/traje_disc/experimento_v4/outputs/routes/route_3010b8c80b49.csv
16de5b86db6a,658,volta,2115,3,3,3,5051,90,10.000000,250.000000,1.500000,1996,9.681094,1,0,chegada_destino,1,43.714116,141.121124,514.805881,10.251317,1515.818168,0.266437,/Users/pedrorebollo/projetos/traje_disc/experimento_v4/outputs/routes/route_16de5b86db6a.csv
c64edd898bc3,658,volta,2115,3,3,3,5051,90,10.000000,250.000000,2.000000,728,11.713410,0,0,limite_comprimento,0,46.763017,68.521134,315.993838,19.969669,851.713023,0.124154,/Users/pedrorebollo/projetos/traje_disc/experimento_v4/outputs/routes/route_c64edd898bc3.csv
b101ea96adf1,658,volta,2115,3,3,3,5051,180,10.000000,250.000000,1.100000,584,6.956709,0,0,passos_sem_dados,0,11.839240,1488.612839,4740.712796,21.133618,1744.688624,0.272729,/Users/pedrorebollo/projetos/traje_disc/experimento_v4/outputs/routes/route_b101ea96adf1.csv
bb5b247def18,658,volta,2115,3,3,3,5051,180,10.000000,250.000000,1.250000,676,7.494401,0,0,passos_sem_dados,0,14.353593,1478.869217,4731.679338,22.355156,1795.905560,0.287887,/Users/pedrorebollo/projetos/traje_disc/experimento_v4/outputs/routes/route_bb5b247def18.csv
8a8120a60575,658,volta,2115,3,3,3,5051,180,10.000000,250.000000,1.500000,1312,10.891280,0,0,limite_comprimento,0,34.092259,660.672552,3053.571671,15.381092,1708.590929,0.423453,/Users/pedrorebollo/projetos/traje_disc/experimento_v4/outputs/routes/route_8a8120a60575.csv
17153bcbd1e4,658,volta,2115,3,3,3,5051,180,10.000000,250.000000,2.000000,740,11.656384,0,0,limite_comprimento,0,43.674520,78.235257,295.446937,19.179271,979.501602,0.256222,/Users/pedrorebollo/projetos/traje_disc/experimento_v4/outputs/routes/route_17153bcbd1e4.csv
62c7d0d85059,658,volta,2115,3,3,3,5051,360,10.000000,250.000000,1.100000,960,11.281842,0,0,limite_comprimento,0,35.240546,253.170064,1550.798958,19.154619,1057.393782,0.685045,/Users/pedrorebollo/projetos/traje_disc/experimento_v4/outputs/routes/route_62c7d0d85059.csv
3a66455775d0,658,volta,2115,3,3,3,5051,360,10.000000,250.000000,1.250000,620,6.331321,0,0,passos_sem_dados,0,11.225500,1500.372985,4746.950765,20.257476,1891.092899,0.530557,/Users/pedrorebollo/projetos/traje_disc/experimento_v4/outputs/routes/route_3a66455775d0.csv
1d51de52fe60,658,volta,2115,3,3,3,5051,360,10.000000,250.000000,1.500000,1524,11.238571,0,0,limite_comprimento,0,35.280143,467.532831,2453.292950,17.427435,1639.824656,0.896999,/Users/pedrorebollo/projetos/traje_disc/experimento_v4/outputs/routes/route_1d51de52fe60.csv
08e8b663cc72,658,volta,2115,3,3,3,5051,360,10.000000,250.000000,2.000000,576,11.570109,0,0,limite_comprimento,0,39.972283,74.511596,305.083367,26.932906,847.080527,0.397877,/Users/pedrorebollo/projetos/traje_disc/experimento_v4/outputs/routes/route_08e8b663cc72.csv
47fa1d2768fa,658,volta,2115,3,3,3,5051,90,20.000000,250.000000,1.100000,1104,8.856216,1,0,chegada_destino,1,42.407444,148.420279,550.394181,8.350156,774.187023,0.175099,/Users/pedrorebollo/projetos/traje_disc/experimento_v4/outputs/routes/route_47fa1d2768fa.csv
2b3ec6c469a5,658,volta,2115,3,3,3,5051,90,20.000000,250.000000,1.250000,1096,11.323356,0,0,limite_comprimento,0,34.290240,434.820908,2339.521678,19.956180,1359.573454,0.197867,/Users/pedrorebollo/projetos/traje_disc/experimento_v4/outputs/routes/route_2b3ec6c469a5.csv
8696a6637d9e,658,volta,2115,3,3,3,5051,90,20.000000,250.000000,1.500000,1312,9.844416,1,0,chegada_destino,1,44.347654,131.366109,505.432948,16.361051,944.558553,0.183860,/Users/pedrorebollo/projetos/traje_disc/experimento_v4/outputs/routes/route_8696a6637d9e.csv
04024cee95d9,658,volta,2115,3,3,3,5051,90,20.000000,250.000000,2.000000,644,11.675773,0,0,limite_comprimento,0,44.822807,96.568640,614.247671,21.796648,968.533664,0.116994,/Users/pedrorebollo/projetos/traje_disc/experimento_v4/outputs/routes/route_04024cee95d9.csv
11aa92a9e750,658,volta,2115,3,3,3,5051,180,20.000000,250.000000,1.100000,800,10.808601,0,0,limite_comprimento,0,24.707979,607.924328,2832.397320,23.820920,1260.323291,0.338737,/Users/pedrorebollo/projetos/traje_disc/experimento_v4/outputs/routes/route_11aa92a9e750.csv
5bedfac0111b,658,volta,2115,3,3,3,5051,180,20.000000,250.000000,1.250000,452,5.205836,0,0,passos_sem_dados,0,11.601663,1502.566373,4768.890917,23.238913,1505.058032,0.185943,/Users/pedrorebollo/projetos/traje_disc/experimento_v4/outputs/routes/route_5bedfac0111b.csv
5ea0c7e5c9bd,658,volta,2115,3,3,3,5051,180,20.000000,250.000000,1.500000,1080,11.172188,0,0,limite_comprimento,0,31.538309,507.595100,2530.553968,25.257645,1432.107026,0.378430,/Users/pedrorebollo/projetos/traje_disc/experimento_v4/outputs/routes/route_5ea0c7e5c9bd.csv
be5c84f33969,658,volta,2115,3,3,3,5051,180,20.000000,250.000000,2.000000,520,11.376469,0,0,limite_comprimento,0,33.775490,146.293529,824.999721,31.718639,909.332244,0.194630,/Users/pedrorebollo/projetos/traje_disc/experimento_v4/outputs/routes/route_be5c84f33969.csv
4ebee02cd606,658,volta,2115,3,3,3,5051,360,20.000000,250.000000,1.100000,856,10.521628,0,0,limite_comprimento,0,29.499109,490.251793,2462.876866,19.004224,1372.131109,0.658943,/Users/pedrorebollo/projetos/traje_disc/experimento_v4/outputs/routes/route_4ebee02cd606.csv
65c12fa486c1,658,volta,2115,3,3,3,5051,360,20.000000,250.000000,1.250000,420,6.091619,0,0,passos_sem_dados,0,12.848941,1486.479689,4719.085099,22.729675,1461.257877,0.386899,/Users/pedrorebollo/projetos/traje_disc/experimento_v4/outputs/routes/route_65c12fa486c1.csv
eca634c2d64d,658,volta,2115,3,3,3,5051,360,20.000000,250.000000,1.500000,1036,10.965827,0,0,limite_comprimento,0,31.320531,468.678978,2393.717300,25.968237,1379.728838,0.703042,/Users/pedrorebollo/projetos/traje_disc/experimento_v4/outputs/routes/route_eca634c2d64d.csv
375aa1db5db3,658,volta,2115,3,3,3,5051,360,20.000000,250.000000,2.000000,548,11.326409,0,0,limite_comprimento,0,26.865967,325.341361,1777.394069,35.876786,1019.760142,0.410325,/Users/pedrorebollo/projetos/traje_disc/experimento_v4/outputs/routes/route_375aa1db5db3.csv
79181f391906,506,ida,2601,12,12,12,11134,90,5.000000,250.000000,1.100000,8188,17.725929,1,0,chegada_destino,1,89.356925,19.728186,47.854702,6.829937,2444.941426,1.119502,/Users/pedrorebollo/projetos/traje_disc/experimento_v4/outputs/routes/route_79181f391906.csv
6cbe901c8c46,506,ida,2601,12,12,12,11134,90,5.000000,250.000000,1.250000,10296,18.005489,1,0,chegada_destino,1,93.129154,18.188638,27.018488,6.703853,3247.289512,1.367027,/Users/pedrorebollo/projetos/traje_disc/experimento_v4/outputs/routes/route_6cbe901c8c46.csv
f446d96386e9,506,ida,2601,12,12,12,11134,90,5.000000,250.000000,1.500000,10696,18.119517,1,0,chegada_destino,1,94.242860,17.876894,23.330841,7.374288,3322.611769,1.449627,/Users/pedrorebollo/projetos/traje_disc/experimento_v4/outputs/routes/route_f446d96386e9.csv
af853f2896b1,506,ida,2601,12,12,12,11134,90,5.000000,250.000000,2.000000,2388,17.383770,1,0,chegada_destino,1,89.877852,19.801345,38.623652,5.410030,662.000836,0.339319,/Users/pedrorebollo/projetos/traje_disc/experimento_v4/outputs/routes/route_af853f2896b1.csv
9dda430958ea,506,ida,2601,12,12,12,11134,180,5.000000,250.000000,1.100000,8212,17.753465,1,0,chegada_destino,1,89.662296,19.496447,45.086794,6.875941,2409.821161,2.114950,/Users/pedrorebollo/projetos/traje_disc/experimento_v4/outputs/routes/route_9dda430958ea.csv
891246881542,506,ida,2601,12,12,12,11134,180,5.000000,250.000000,1.250000,10392,18.060588,1,0,chegada_destino,1,92.994431,18.122591,27.414584,6.797236,3313.721631,2.631256,/Users/pedrorebollo/projetos/traje_disc/experimento_v4/outputs/routes/route_891246881542.csv
afa5f064ea0b,506,ida,2601,12,12,12,11134,180,5.000000,250.000000,1.500000,10668,18.152991,1,0,chegada_destino,1,94.117119,17.844870,21.894633,7.305671,3367.225857,2.725201,/Users/pedrorebollo/projetos/traje_disc/experimento_v4/outputs/routes/route_afa5f064ea0b.csv
fcc02183d111,506,ida,2601,12,12,12,11134,180,5.000000,250.000000,2.000000,2044,17.167799,1,0,chegada_destino,1,85.521825,21.535442,44.629704,5.549476,585.140369,0.551400,/Users/pedrorebollo/projetos/traje_disc/experimento_v4/outputs/routes/route_fcc02183d111.csv
ab80eae90a7d,506,ida,2601,12,12,12,11134,360,5.000000,250.000000,1.100000,8152,17.791232,1,0,chegada_destino,1,89.428777,19.685927,47.081093,6.758846,2327.748602,3.999244,/Users/pedrorebollo/projetos/traje_disc/experimento_v4/outputs/routes/route_ab80eae90a7d.csv
82cf7f4b6708,506,ida,2601,12,12,12,11134,360,5.000000,250.000000,1.250000,10296,18.054833,1,0,chegada_destino,1,93.578229,18.006683,23.992911,6.723352,3265.133572,5.059354,/Users/pedrorebollo/projetos/traje_disc/experimento_v4/outputs/routes/route_82cf7f4b6708.csv
baec8ef7753d,506,ida,2601,12,12,12,11134,360,5.000000,250.000000,1.500000,10724,18.100702,1,0,chegada_destino,1,94.377582,17.819923,22.541867,7.319728,3359.296352,5.344085,/Users/pedrorebollo/projetos/traje_disc/experimento_v4/outputs/routes/route_baec8ef7753d.csv
7e4189ad59ff,506,ida,2601,12,12,12,11134,360,5.000000,250.000000,2.000000,2248,17.344710,1,0,chegada_destino,1,88.575534,20.580912,42.830146,5.460288,629.686806,1.168868,/Users/pedrorebollo/projetos/traje_disc/experimento_v4/outputs/routes/route_7e4189ad59ff.csv
565888cda7d6,506,ida,2601,12,12,12,11134,90,10.000000,250.000000,1.100000,5404,17.516122,1,0,chegada_destino,1,89.455721,19.791110,46.221637,6.962111,1208.215899,0.698827,/Users/pedrorebollo/projetos/traje_disc/experimento_v4/outputs/routes/route_565888cda7d6.csv
36b1b0dc49ca,506,ida,2601,12,12,12,11134,90,10.000000,250.000000,1.250000,6120,17.704902,1,0,chegada_destino,1,92.707024,18.408694,29.737834,6.853504,1492.968176,0.780492,/Users/pedrorebollo/projetos/traje_disc/experimento_v4/outputs/routes/route_36b1b0dc49ca.csv
14d872b0061b,506,ida,2601,12,12,12,11134,90,10.000000,250.000000,1.500000,6228,17.747201,1,0,chegada_destino,1,94.206934,18.029065,22.904325,7.372518,1522.622849,0.800177,/Users/pedrorebollo/projetos/traje_disc/experimento_v4/outputs/routes/route_14d872b0061b.csv
be734b10ee9a,506,ida,2601,12,12,12,11134,90,10.000000,250.000000,2.000000,2068,17.260750,1,0,chegada_destino,1,89.177295,20.036506,42.642835,5.731783,491.835166,0.286940,/Users/pedrorebollo/projetos/traje_disc/experimento_v4/outputs/routes/route_be734b10ee9a.csv
c6c435de926f,506,ida,2601,12,12,12,11134,180,10.000000,250.000000,1.100000,5428,17.535771,1,0,chegada_destino,1,89.599425,19.765495,46.516689,6.884811,1231.320863,1.325824,/Users/pedrorebollo/projetos/traje_disc/experimento_v4/outputs/routes/route_c6c435de926f.csv
edaacfb6e59f,506,ida,2601,12,12,12,11134,180,10.000000,250.000000,1.250000,6104,17.662585,1,0,chegada_destino,1,92.724987,18.403607,29.862720,6.836066,1395.139161,1.484819,/Users/pedrorebollo/projetos/traje_disc/experimento_v4/outputs/routes/route_edaacfb6e59f.csv
7075efbb04a9,506,ida,2601,12,12,12,11134,180,10.000000,250.000000,1.500000,6216,17.765434,1,0,chegada_destino,1,94.440453,17.904514,21.796669,7.475619,1426.338100,1.508709,/Users/pedrorebollo/projetos/traje_disc/experimento_v4/outputs/routes/route_7075efbb04a9.csv
0cf92a66cdd4,506,ida,2601,12,12,12,11134,180,10.000000,250.000000,2.000000,1848,17.150110,1,0,chegada_destino,1,85.925992,21.411397,45.060722,5.977263,473.926053,0.481462,/Users/pedrorebollo/projetos/traje_disc/experimento_v4/outputs/routes/route_0cf92a66cdd4.csv
295e923ddee2,506,ida,2601,12,12,12,11134,360,10.000000,250.000000,1.100000,5432,17.532055,1,0,chegada_destino,1,89.374888,19.824578,47.182827,6.881968,1245.838149,2.557869,/Users/pedrorebollo/projetos/traje_disc/experimento_v4/outputs/routes/route_295e923ddee2.csv
0468492a34d5,506,ida,2601,12,12,12,11134,360,10.000000,250.000000,1.250000,6160,17.681670,1,0,chegada_destino,1,92.805820,18.331031,30.219622,7.005164,1445.922978,2.860052,/Users/pedrorebollo/projetos/traje_disc/experimento_v4/outputs/routes/route_0468492a34d5.csv
cc398f5e7616,506,ida,2601,12,12,12,11134,360,10.000000,250.000000,1.500000,6248,17.780504,1,0,chegada_destino,1,94.386564,17.869089,22.512663,7.468694,1494.268362,2.951393,/Users/pedrorebollo/projetos/traje_disc/experimento_v4/outputs/routes/route_cc398f5e7616.csv
3322fc788d23,506,ida,2601,12,12,12,11134,360,10.000000,250.000000,2.000000,2036,17.266178,1,0,chegada_destino,1,88.557571,20.458308,40.185833,5.724922,423.159454,1.028408,/Users/pedrorebollo/projetos/traje_disc/experimento_v4/outputs/routes/route_3322fc788d23.csv
b4cc446a08f8,506,ida,2601,12,12,12,11134,90,20.000000,250.000000,1.100000,3160,17.482427,1,0,chegada_destino,1,88.350997,20.874700,59.347462,7.139832,576.649580,0.403647,/Users/pedrorebollo/projetos/traje_disc/experimento_v4/outputs/routes/route_b4cc446a08f8.csv
d868db97e8dc,506,ida,2601,12,12,12,11134,90,20.000000,250.000000,1.250000,3388,17.401182,1,0,chegada_destino,1,92.015448,19.016782,35.324338,6.830464,579.355911,0.424548,/Users/pedrorebollo/projetos/traje_disc/experimento_v4/outputs/routes/route_d868db97e8dc.csv
170e9e1e56b9,506,ida,2601,12,12,12,11134,90,20.000000,250.000000,1.500000,3376,17.456102,1,0,chegada_destino,1,93.551284,18.534870,24.501803,7.206125,598.957090,0.426540,/Users/pedrorebollo/projetos/traje_disc/experimento_v4/outputs/routes/route_170e9e1e56b9.csv
3a600117d95a,506,ida,2601,12,12,12,11134,90,20.000000,250.000000,2.000000,1744,17.146433,1,0,chegada_destino,1,87.075624,21.426514,53.569785,5.904695,306.260330,0.233606,/Users/pedrorebollo/projetos/traje_disc/experimento_v4/outputs/routes/route_3a600117d95a.csv
fc195d1a3dd9,506,ida,2601,12,12,12,11134,180,20.000000,250.000000,1.100000,3148,17.969389,1,0,chegada_destino,1,89.087480,20.088072,56.785890,8.045560,638.883968,0.794388,/Users/pedrorebollo/projetos/traje_disc/experimento_v4/outputs/routes/route_fc195d1a3dd9.csv
dac147e8e46e,506,ida,2601,12,12,12,11134,180,20.000000,250.000000,1.250000,3396,17.429972,1,0,chegada_destino,1,91.871744,19.157353,36.441518,6.866528,593.981762,0.808029,/Users/pedrorebollo/projetos/traje_disc/experimento_v4/outputs/routes/route_dac147e8e46e.csv
a848f63bd32e,506,ida,2601,12,12,12,11134,180,20.000000,250.000000,1.500000,3376,17.476076,1,0,chegada_destino,1,93.623136,18.498739,24.407717,7.274843,600.510359,0.809338,/Users/pedrorebollo/projetos/traje_disc/experimento_v4/outputs/routes/route_a848f63bd32e.csv
9a53b25e8c55,506,ida,2601,12,12,12,11134,180,20.000000,250.000000,2.000000,1640,17.143705,1,0,chegada_destino,1,87.363032,20.750890,42.512843,6.080813,284.274898,0.424898,/Users/pedrorebollo/projetos/traje_disc/experimento_v4/outputs/routes/route_9a53b25e8c55.csv
ba3452211df5,506,ida,2601,12,12,12,11134,360,20.000000,250.000000,1.100000,3156,17.303875,1,0,chegada_destino,1,88.494701,21.102799,61.910685,7.047646,553.775875,1.458958,/Users/pedrorebollo/projetos/traje_disc/experimento_v4/outputs/routes/route_ba3452211df5.csv
58a7e4f83d9b,506,ida,2601,12,12,12,11134,360,20.000000,250.000000,1.250000,3396,17.465162,1,0,chegada_destino,1,92.653135,18.670036,28.155920,7.035241,575.002952,1.572923,/Users/pedrorebollo/projetos/traje_disc/experimento_v4/outputs/routes/route_58a7e4f83d9b.csv
ad07038c042f,506,ida,2601,12,12,12,11134,360,20.000000,250.000000,1.500000,3372,17.467264,1,0,chegada_destino,1,92.967487,18.569016,25.140354,7.253152,594.331459,1.570544,/Users/pedrorebollo/projetos/traje_disc/experimento_v4/outputs/routes/route_ad07038c042f.csv
a600c2c5a194,506,ida,2601,12,12,12,11134,360,20.000000,250.000000,2.000000,1624,17.157151,1,0,chegada_destino,1,86.922939,21.470795,53.436472,6.490558,303.687512,0.811305,/Users/pedrorebollo/projetos/traje_disc/experimento_v4/outputs/routes/route_a600c2c5a194.csv
1ede8d823948,506,volta,2602,9,9,9,4940,90,5.000000,250.000000,1.100000,4440,17.669434,1,0,chegada_destino,1,92.672065,31.911711,26.299312,16.251289,984.732995,0.519767,/Users/pedrorebollo/projetos/traje_disc/experimento_v4/outputs/routes/route_1ede8d823948.csv
ded5327d7077,506,volta,2602,9,9,9,4940,90,5.000000,250.000000,1.250000,6808,17.826036,1,0,chegada_destino,1,94.170040,31.319077,18.861845,14.554820,1603.311251,0.757304,/Users/pedrorebollo/projetos/traje_disc/experimento_v4/outputs/routes/route_ded5327d7077.csv
7bf82fd6428d,506,volta,2602,9,9,9,4940,90,5.000000,250.000000,1.500000,7492,17.919586,1,0,chegada_destino,1,95.323887,31.004413,14.019985,13.950777,1989.374999,0.841500,/Users/pedrorebollo/projetos/traje_disc/experimento_v4/outputs/routes/route_7bf82fd6428d.csv
6984882c1bc4,506,volta,2602,9,9,9,4940,90,5.000000,250.000000,2.000000,1100,17.281311,1,0,chegada_destino,1,87.348178,34.623685,41.938881,17.269820,179.660110,0.139215,/Users/pedrorebollo/projetos/traje_disc/experimento_v4/outputs/routes/route_6984882c1bc4.csv
b057a7b3fca1,506,volta,2602,9,9,9,4940,180,5.000000,250.000000,1.100000,4404,17.606412,1,0,chegada_destino,1,93.279352,31.684111,27.832522,16.028381,897.844872,0.970533,/Users/pedrorebollo/projetos/traje_disc/experimento_v4/outputs/routes/route_b057a7b3fca1.csv
d6142d9ff340,506,volta,2602,9,9,9,4940,180,5.000000,250.000000,1.250000,6832,17.821648,1,0,chegada_destino,1,94.008097,31.355517,18.782246,14.941209,1660.002172,1.463177,/Users/pedrorebollo/projetos/traje_disc/experimento_v4/outputs/routes/route_d6142d9ff340.csv
df49da7e2969,506,volta,2602,9,9,9,4940,180,5.000000,250.000000,1.500000,7512,17.912499,1,0,chegada_destino,1,95.060729,31.004079,14.630893,14.166216,1915.987818,1.609574,/Users/pedrorebollo/projetos/traje_disc/experimento_v4/outputs/routes/route_df49da7e2969.csv
9a03985826a4,506,volta,2602,9,9,9,4940,180,5.000000,250.000000,2.000000,992,17.223263,1,0,chegada_destino,1,85.809717,35.343345,45.501990,18.902420,187.615072,0.237427,/Users/pedrorebollo/projetos/traje_disc/experimento_v4/outputs/routes/route_9a03985826a4.csv
7b3925d24810,506,volta,2602,9,9,9,4940,360,5.000000,250.000000,1.100000,4460,17.608551,1,0,chegada_destino,1,93.218623,31.698533,26.468370,16.068727,901.399201,1.896604,/Users/pedrorebollo/projetos/traje_disc/experimento_v4/outputs/routes/route_7b3925d24810.csv
00a3d5a80fb9,506,volta,2602,9,9,9,4940,360,5.000000,250.000000,1.250000,6728,17.802562,1,0,chegada_destino,1,94.170040,31.313818,18.744979,15.232447,1562.036605,2.784398,/Users/pedrorebollo/projetos/traje_disc/experimento_v4/outputs/routes/route_00a3d5a80fb9.csv
6b3a4c323351,506,volta,2602,9,9,9,4940,360,5.000000,250.000000,1.500000,7488,17.879440,1,0,chegada_destino,1,95.101215,31.084119,14.688829,14.492222,1890.423508,3.120246,/Users/pedrorebollo/projetos/traje_disc/experimento_v4/outputs/routes/route_6b3a4c323351.csv
b65303ca22eb,506,volta,2602,9,9,9,4940,360,5.000000,250.000000,2.000000,1096,17.258759,1,0,chegada_destino,1,86.457490,34.857420,42.751160,17.629777,188.281278,0.505110,/Users/pedrorebollo/projetos/traje_disc/experimento_v4/outputs/routes/route_b65303ca22eb.csv
29b54f508c30,506,volta,2602,9,9,9,4940,90,10.000000,250.000000,1.100000,3544,17.544159,1,0,chegada_destino,1,92.712551,31.964448,25.422604,17.124902,566.258548,0.402409,/Users/pedrorebollo/projetos/traje_disc/experimento_v4/outputs/routes/route_29b54f508c30.csv
72002e7b0caf,506,volta,2602,9,9,9,4940,90,10.000000,250.000000,1.250000,4724,17.700722,1,0,chegada_destino,1,94.919028,31.233736,15.201892,15.537416,868.726392,0.527322,/Users/pedrorebollo/projetos/traje_disc/experimento_v4/outputs/routes/route_72002e7b0caf.csv
b78d69465297,506,volta,2602,9,9,9,4940,90,10.000000,250.000000,1.500000,4900,17.656358,1,0,chegada_destino,1,93.927126,31.471068,20.665517,15.282390,931.531402,0.547662,/Users/pedrorebollo/projetos/traje_disc/experimento_v4/outputs/routes/route_b78d69465297.csv
d9cfcb6804af,506,volta,2602,9,9,9,4940,90,10.000000,250.000000,2.000000,1092,17.235040,1,0,chegada_destino,1,86.740891,35.042128,46.667502,17.298469,194.371469,0.137768,/Users/pedrorebollo/projetos/traje_disc/experimento_v4/outputs/routes/route_d9cfcb6804af.csv
359a57e176ed,506,volta,2602,9,9,9,4940,180,10.000000,250.000000,1.100000,3576,17.538022,1,0,chegada_destino,1,92.894737,31.859573,22.866517,15.911165,578.393261,0.768441,/Users/pedrorebollo/projetos/traje_disc/experimento_v4/outputs/routes/route_359a57e176ed.csv
9b362417bfe2,506,volta,2602,9,9,9,4940,180,10.000000,250.000000,1.250000,4704,17.671912,1,0,chegada_destino,1,94.676113,31.375358,15.915188,15.672977,849.620538,1.004101,/Users/pedrorebollo/projetos/traje_disc/experimento_v4/outputs/routes/route_9b362417bfe2.csv
784735dd3969,506,volta,2602,9,9,9,4940,180,10.000000,250.000000,1.500000,4876,17.645081,1,0,chegada_destino,1,93.582996,31.676178,23.068032,15.067594,924.059186,1.041734,/Users/pedrorebollo/projetos/traje_disc/experimento_v4/outputs/routes/route_784735dd3969.csv
78b1a576e7b9,506,volta,2602,9,9,9,4940,180,10.000000,250.000000,2.000000,984,17.218246,1,0,chegada_destino,1,85.425101,35.478408,47.663615,19.124433,206.471238,0.234881,/Users/pedrorebollo/projetos/traje_disc/experimento_v4/outputs/routes/route_78b1a576e7b9.csv
83b746a2a12b,506,volta,2602,9,9,9,4940,360,10.000000,250.000000,1.100000,3516,17.522537,1,0,chegada_destino,1,92.530364,31.964439,23.939027,16.065344,581.402234,1.478849,/Users/pedrorebollo/projetos/traje_disc/experimento_v4/outputs/routes/route_83b746a2a12b.csv
a0c81fc7d6eb,506,volta,2602,9,9,9,4940,360,10.000000,250.000000,1.250000,4708,17.668577,1,0,chegada_destino,1,94.473684,31.375781,16.566220,15.574024,860.762526,1.969081,/Users/pedrorebollo/projetos/traje_disc/experimento_v4/outputs/routes/route_a0c81fc7d6eb.csv
acb2676c1a9f,506,volta,2602,9,9,9,4940,360,10.000000,250.000000,1.500000,4844,17.660891,1,0,chegada_destino,1,93.704453,31.586977,22.658105,15.710787,915.063729,2.028471,/Users/pedrorebollo/projetos/traje_disc/experimento_v4/outputs/routes/route_acb2676c1a9f.csv
4f2c9637ca10,506,volta,2602,9,9,9,4940,360,10.000000,250.000000,2.000000,1012,17.245601,1,0,chegada_destino,1,86.012146,35.198803,46.535773,18.525485,204.439940,0.477786,/Users/pedrorebollo/projetos/traje_disc/experimento_v4/outputs/routes/route_4f2c9637ca10.csv
3cefb46f38d2,506,volta,2602,9,9,9,4940,90,20.000000,250.000000,1.100000,2528,17.429608,1,0,chegada_destino,1,92.530364,32.698523,38.751381,15.329296,344.178066,0.292798,/Users/pedrorebollo/projetos/traje_disc/experimento_v4/outputs/routes/route_3cefb46f38d2.csv
a0083774d8fc,506,volta,2602,9,9,9,4940,90,20.000000,250.000000,1.250000,2920,17.514671,1,0,chegada_destino,1,94.635628,31.800944,16.407674,14.699450,429.546305,0.338451,/Users/pedrorebollo/projetos/traje_disc/experimento_v4/outputs/routes/route_a0083774d8fc.csv
d8c68ea6e4a5,506,volta,2602,9,9,9,4940,90,20.000000,250.000000,1.500000,3000,17.532496,1,0,chegada_destino,1,94.554656,31.842516,16.502178,14.725191,445.667526,0.345643,/Users/pedrorebollo/projetos/traje_disc/experimento_v4/outputs/routes/route_d8c68ea6e4a5.csv
dc02f05caa48,506,volta,2602,9,9,9,4940,90,20.000000,250.000000,2.000000,1096,17.257169,1,0,chegada_destino,1,87.510121,34.782062,45.772142,17.361376,195.916878,0.137787,/Users/pedrorebollo/projetos/traje_disc/experimento_v4/outputs/routes/route_dc02f05caa48.csv
01a30aa0e39e,506,volta,2602,9,9,9,4940,180,20.000000,250.000000,1.100000,2552,17.484482,1,0,chegada_destino,1,93.117409,32.438533,37.320452,15.409855,362.636475,0.567192,/Users/pedrorebollo/projetos/traje_disc/experimento_v4/outputs/routes/route_01a30aa0e39e.csv
377c58e3980c,506,volta,2602,9,9,9,4940,180,20.000000,250.000000,1.250000,2896,17.514534,1,0,chegada_destino,1,94.615385,31.855827,16.260871,14.895907,439.869429,0.647903,/Users/pedrorebollo/projetos/traje_disc/experimento_v4/outputs/routes/route_377c58e3980c.csv
42c2116fbf20,506,volta,2602,9,9,9,4940,180,20.000000,250.000000,1.500000,3000,17.508092,1,0,chegada_destino,1,94.068826,31.986492,19.408485,14.553282,443.147662,0.665018,/Users/pedrorebollo/projetos/traje_disc/experimento_v4/outputs/routes/route_42c2116fbf20.csv
53b31250af17,506,volta,2602,9,9,9,4940,180,20.000000,250.000000,2.000000,988,17.220632,1,0,chegada_destino,1,85.829960,35.350076,48.209393,19.234945,209.466403,0.243790,/Users/pedrorebollo/projetos/traje_disc/experimento_v4/outputs/routes/route_53b31250af17.csv
4c438186dd5b,506,volta,2602,9,9,9,4940,360,20.000000,250.000000,1.100000,2548,17.452644,1,0,chegada_destino,1,92.712551,32.557431,37.771444,15.287295,353.704348,1.110945,/Users/pedrorebollo/projetos/traje_disc/experimento_v4/outputs/routes/route_4c438186dd5b.csv
3c8e491bc654,506,volta,2602,9,9,9,4940,360,20.000000,250.000000,1.250000,2904,17.525163,1,0,chegada_destino,1,94.595142,31.852842,16.900292,14.680938,404.641811,1.265145,/Users/pedrorebollo/projetos/traje_disc/experimento_v4/outputs/routes/route_3c8e491bc654.csv
fde11b767f4b,506,volta,2602,9,9,9,4940,360,20.000000,250.000000,1.500000,2996,17.473998,1,0,chegada_destino,1,93.825911,31.978185,20.297120,14.662584,415.338162,1.294128,/Users/pedrorebollo/projetos/traje_disc/experimento_v4/outputs/routes/route_fde11b767f4b.csv
8a0ef8d26c8d,506,volta,2602,9,9,9,4940,360,20.000000,250.000000,2.000000,1028,17.241149,1,0,chegada_destino,1,84.919028,35.438627,44.861554,18.545118,184.985763,0.479204,/Users/pedrorebollo/projetos/traje_disc/experimento_v4/outputs/routes/route_8a0ef8d26c8d.csv
d78d42340b9e,707,ida,5183,2,2,2,1762,90,5.000000,250.000000,1.100000,744,6.581596,0,0,passos_sem_dados,0,30.817253,5250.644805,12323.694873,14.615094,470.786709,0.098023,/Users/pedrorebollo/projetos/traje_disc/experimento_v4/outputs/routes/route_d78d42340b9e.csv
b3c07f9e0225,707,ida,5183,2,2,2,1762,90,5.000000,250.000000,1.250000,1068,6.492253,0,0,passos_sem_dados,0,30.874007,5257.673911,12340.640408,14.022003,566.666026,0.120532,/Users/pedrorebollo/projetos/traje_disc/experimento_v4/outputs/routes/route_b3c07f9e0225.csv
f48a638d04d7,707,ida,5183,2,2,2,1762,90,5.000000,250.000000,1.500000,1212,6.563211,0,0,passos_sem_dados,0,31.725312,5242.064989,12320.412204,13.843136,727.385966,0.131365,/Users/pedrorebollo/projetos/traje_disc/experimento_v4/outputs/routes/route_f48a638d04d7.csv
bd12530ccc74,707,ida,5183,2,2,2,1762,90,5.000000,250.000000,2.000000,292,7.823828,0,0,passos_sem_dados,0,26.220204,5252.829720,12313.488255,30.740512,473.565657,0.051678,/Users/pedrorebollo/projetos/traje_disc/experimento_v4/outputs/routes/route_bd12530ccc74.csv
8de26bccf0df,707,ida,5183,2,2,2,1762,180,5.000000,250.000000,1.100000,668,6.501507,0,0,passos_sem_dados,0,26.901249,5250.827962,12320.325221,16.330925,480.281447,0.180992,/Users/pedrorebollo/projetos/traje_disc/experimento_v4/outputs/routes/route_8de26bccf0df.csv
04746c128327,707,ida,5183,2,2,2,1762,180,5.000000,250.000000,1.250000,1100,7.252787,0,0,passos_sem_dados,0,30.419977,5257.392757,12340.896629,15.936237,631.670442,0.241736,/Users/pedrorebollo/projetos/traje_disc/experimento_v4/outputs/routes/route_04746c128327.csv
ee75c758af57,707,ida,5183,2,2,2,1762,180,5.000000,250.000000,1.500000,1300,6.569935,0,0,passos_sem_dados,0,32.236095,5241.224867,12320.556817,12.799403,788.714077,0.265569,/Users/pedrorebollo/projetos/traje_disc/experimento_v4/outputs/routes/route_ee75c758af57.csv
39faa1e927ef,707,ida,5183,2,2,2,1762,180,5.000000,250.000000,2.000000,268,7.018108,0,0,passos_sem_dados,0,25.595914,5284.460315,12379.501203,36.648546,362.669558,0.085837,/Users/pedrorebollo/projetos/traje_disc/experimento_v4/outputs/routes/route_39faa1e927ef.csv
7442927a9f17,707,ida,5183,2,2,2,1762,360,5.000000,250.000000,1.100000,672,6.508857,0,0,passos_sem_dados,0,27.241771,5251.868969,12321.031520,16.228545,464.612766,0.352622,/Users/pedrorebollo/projetos/traje_disc/experimento_v4/outputs/routes/route_7442927a9f17.csv
fe103b236993,707,ida,5183,2,2,2,1762,360,5.000000,250.000000,1.250000,1156,6.770744,0,0,passos_sem_dados,0,32.179342,5255.750055,12337.280686,13.217486,614.448612,0.483504,/Users/pedrorebollo/projetos/traje_disc/experimento_v4/outputs/routes/route_fe103b236993.csv
e7036fa8c846,707,ida,5183,2,2,2,1762,360,5.000000,250.000000,1.500000,1216,6.508098,0,0,passos_sem_dados,0,31.498297,5261.986068,12353.251902,11.490360,704.900234,0.488198,/Users/pedrorebollo/projetos/traje_disc/experimento_v4/outputs/routes/route_e7036fa8c846.csv
7c2e17b0c92c,707,ida,5183,2,2,2,1762,360,5.000000,250.000000,2.000000,252,6.801165,0,0,passos_sem_dados,0,25.028377,5280.480991,12377.017550,36.460840,327.144730,0.164562,/Users/pedrorebollo/projetos/traje_disc/experimento_v4/outputs/routes/route_7c2e17b0c92c.csv
6c323bc05b81,707,ida,5183,2,2,2,1762,90,10.000000,250.000000,1.100000,716,6.580721,0,0,passos_sem_dados,0,29.455165,5247.271663,12318.509604,16.441470,442.991047,0.092878,/Users/pedrorebollo/projetos/traje_disc/experimento_v4/outputs/routes/route_6c323bc05b81.csv
98777c1bcea8,707,ida,5183,2,2,2,1762,90,10.000000,250.000000,1.250000,956,6.530359,0,0,passos_sem_dados,0,30.079455,5253.028538,12329.016996,16.299410,505.794844,0.110096,/Users/pedrorebollo/projetos/traje_disc/experimento_v4/outputs/routes/route_98777c1bcea8.csv
9a0463aacd1b,707,ida,5183,2,2,2,1762,90,10.000000,250.000000,1.500000,1076,6.855977,0,0,passos_sem_dados,0,31.101022,5240.372765,12315.990962,22.212184,613.070300,0.122975,/Users/pedrorebollo/projetos/traje_disc/experimento_v4/outputs/routes/route_9a0463aacd1b.csv
3ffddfffffe7,707,ida,5183,2,2,2,1762,90,10.000000,250.000000,2.000000,220,7.334640,0,0,passos_sem_dados,0,21.623156,5249.884000,12310.315393,48.435936,366.807081,0.038673,/Users/pedrorebollo/projetos/traje_disc/experimento_v4/outputs/routes/route_3ffddfffffe7.csv
0d04e2e63592,707,ida,5183,2,2,2,1762,180,10.000000,250.000000,1.100000,760,6.379658,0,0,passos_sem_dados,0,29.398411,5249.322933,12319.578556,14.583415,436.083192,0.181533,/Users/pedrorebollo/projetos/traje_disc/experimento_v4/outputs/routes/route_0d04e2e63592.csv
7cf199914abd,707,ida,5183,2,2,2,1762,180,10.000000,250.000000,1.250000,1000,6.723483,0,0,passos_sem_dados,0,31.555051,5251.683234,12328.633403,14.802682,502.681491,0.219636,/Users/pedrorebollo/projetos/traje_disc/experimento_v4/outputs/routes/route_7cf199914abd.csv
9d797e233864,707,ida,5183,2,2,2,1762,180,10.000000,250.000000,1.500000,1000,6.780169,0,0,passos_sem_dados,0,29.568672,5242.635424,12320.368576,21.584009,566.347032,0.218814,/Users/pedrorebollo/projetos/traje_disc/experimento_v4/outputs/routes/route_9d797e233864.csv
862dc37cd56e,707,ida,5183,2,2,2,1762,180,10.000000,250.000000,2.000000,228,6.691040,0,0,passos_sem_dados,0,25.085131,5245.434257,12319.726303,48.108804,361.735230,0.071458,/Users/pedrorebollo/projetos/traje_disc/experimento_v4/outputs/routes/route_862dc37cd56e.csv
1d278f7dfa16,707,ida,5183,2,2,2,1762,360,10.000000,250.000000,1.100000,744,6.585584,0,0,passos_sem_dados,0,29.625426,5249.258246,12321.864687,15.511207,470.420844,0.359378,/Users/pedrorebollo/projetos/traje_disc/experimento_v4/outputs/routes/route_1d278f7dfa16.csv
ae15132ebe51,707,ida,5183,2,2,2,1762,360,10.000000,250.000000,1.250000,1008,6.728346,0,0,passos_sem_dados,0,31.555051,5250.873884,12326.772026,15.208609,488.644770,0.428927,/Users/pedrorebollo/projetos/traje_disc/experimento_v4/outputs/routes/route_ae15132ebe51.csv
54750eb25f39,707,ida,5183,2,2,2,1762,360,10.000000,250.000000,1.500000,1152,6.726439,0,0,passos_sem_dados,0,32.292849,5240.136213,12316.212169,21.843300,569.734505,0.462698,/Users/pedrorebollo/projetos/traje_disc/experimento_v4/outputs/routes/route_54750eb25f39.csv
07c04b52e6fb,707,ida,5183,2,2,2,1762,360,10.000000,250.000000,2.000000,248,6.785089,0,0,passos_sem_dados,0,25.028377,5283.514265,12377.769882,38.180386,327.149895,0.157199,/Users/pedrorebollo/projetos/traje_disc/experimento_v4/outputs/routes/route_07c04b52e6fb.csv
921a56f27a6e,707,ida,5183,2,2,2,1762,90,20.000000,250.000000,1.100000,612,6.814792,0,0,passos_sem_dados,0,29.738933,5248.985637,12318.487813,16.302699,371.054330,0.081226,/Users/pedrorebollo/projetos/traje_disc/experimento_v4/outputs/routes/route_921a56f27a6e.csv
b52da889e401,707,ida,5183,2,2,2,1762,90,20.000000,250.000000,1.250000,728,6.263436,0,0,passos_sem_dados,0,30.817253,5251.347099,12326.254858,16.849978,313.127904,0.085445,/Users/pedrorebollo/projetos/traje_disc/experimento_v4/outputs/routes/route_b52da889e401.csv
1228c09a5b39,707,ida,5183,2,2,2,1762,90,20.000000,250.000000,1.500000,752,6.101455,0,0,passos_sem_dados,0,29.625426,5252.350399,12334.198906,15.201621,290.753165,0.086180,/Users/pedrorebollo/projetos/traje_disc/experimento_v4/outputs/routes/route_1228c09a5b39.csv
0fe159d30635,707,ida,5183,2,2,2,1762,90,20.000000,250.000000,2.000000,224,7.270616,0,0,passos_sem_dados,0,19.750284,5257.156514,12316.229524,41.279058,411.432419,0.039512,/Users/pedrorebollo/projetos/traje_disc/experimento_v4/outputs/routes/route_0fe159d30635.csv
74543dd04dce,707,ida,5183,2,2,2,1762,180,20.000000,250.000000,1.100000,552,7.698477,0,0,passos_sem_dados,0,28.093076,5247.673996,12319.208895,23.801192,404.024330,0.151811,/Users/pedrorebollo/projetos/traje_disc/experimento_v4/outputs/routes/route_74543dd04dce.csv
d234d59ad333,707,ida,5183,2,2,2,1762,180,20.000000,250.000000,1.250000,736,6.277753,0,0,passos_sem_dados,0,30.476731,5246.817140,12319.550096,18.069410,300.148895,0.163228,/Users/pedrorebollo/projetos/traje_disc/experimento_v4/outputs/routes/route_d234d59ad333.csv
19b0ac992b57,707,ida,5183,2,2,2,1762,180,20.000000,250.000000,1.500000,780,6.147085,0,0,passos_sem_dados,0,30.874007,5248.993708,12328.596696,14.611053,320.807827,0.170756,/Users/pedrorebollo/projetos/traje_disc/experimento_v4/outputs/routes/route_19b0ac992b57.csv
063ee9da6c22,707,ida,5183,2,2,2,1762,180,20.000000,250.000000,2.000000,236,6.535630,0,0,passos_sem_dados,0,25.028377,5280.437994,12375.892030,34.334606,279.363096,0.073037,/Users/pedrorebollo/projetos/traje_disc/experimento_v4/outputs/routes/route_063ee9da6c22.csv
ddcbbac9e59a,707,ida,5183,2,2,2,1762,360,20.000000,250.000000,1.100000,640,6.898573,0,0,passos_sem_dados,0,30.703746,5247.715631,12317.397106,16.171924,412.362043,0.316567,/Users/pedrorebollo/projetos/traje_disc/experimento_v4/outputs/routes/route_ddcbbac9e59a.csv
bcce20239457,707,ida,5183,2,2,2,1762,360,20.000000,250.000000,1.250000,724,6.472363,0,0,passos_sem_dados,0,30.419977,5250.607511,12324.248579,16.901938,311.943732,0.320419,/Users/pedrorebollo/projetos/traje_disc/experimento_v4/outputs/routes/route_bcce20239457.csv
0c885a03e578,707,ida,5183,2,2,2,1762,360,20.000000,250.000000,1.500000,860,6.779236,0,0,passos_sem_dados,0,32.803632,5238.271879,12314.490284,26.100541,429.673109,0.377428,/Users/pedrorebollo/projetos/traje_disc/experimento_v4/outputs/routes/route_0c885a03e578.csv
9b3bf6e105d4,707,ida,5183,2,2,2,1762,360,20.000000,250.000000,2.000000,236,6.537529,0,0,passos_sem_dados,0,24.801362,5283.151586,12376.953344,34.955829,277.864242,0.142617,/Users/pedrorebollo/projetos/traje_disc/experimento_v4/outputs/routes/route_9b3bf6e105d4.csv
6ef622a54421,707,volta,5184,2,2,2,759,90,5.000000,250.000000,1.100000,76,0.854052,0,0,passos_sem_dados,0,1.844532,8480.261379,16327.834004,68.218569,1206.758165,0.060150,/Users/pedrorebollo/projetos/traje_disc/experimento_v4/outputs/routes/route_6ef622a54421.csv
1a1b67d2204d,707,volta,5184,2,2,2,759,90,5.000000,250.000000,1.250000,64,0.551219,0,0,passos_sem_dados,0,1.712780,8498.482235,16325.493182,73.184448,1275.437707,0.051927,/Users/pedrorebollo/projetos/traje_disc/experimento_v4/outputs/routes/route_1a1b67d2204d.csv
a0da57f38b41,707,volta,5184,2,2,2,759,90,5.000000,250.000000,1.500000,56,0.832703,0,0,passos_sem_dados,0,2.108037,8492.121093,16315.884567,70.213747,1090.662018,0.048494,/Users/pedrorebollo/projetos/traje_disc/experimento_v4/outputs/routes/route_a0da57f38b41.csv
f17e41bc2f5e,707,volta,5184,2,2,2,759,90,5.000000,250.000000,2.000000,48,0.777259,0,0,passos_sem_dados,0,2.108037,8483.299780,16310.393423,62.937037,1238.987300,0.045703,/Users/pedrorebollo/projetos/traje_disc/experimento_v4/outputs/routes/route_f17e41bc2f5e.csv
2de2ab866a56,707,volta,5184,2,2,2,759,180,5.000000,250.000000,1.100000,76,0.854052,0,0,passos_sem_dados,0,1.844532,8480.261379,16327.834004,68.218569,1206.758165,0.076911,/Users/pedrorebollo/projetos/traje_disc/experimento_v4/outputs/routes/route_2de2ab866a56.csv
1bd96d4697af,707,volta,5184,2,2,2,759,180,5.000000,250.000000,1.250000,64,0.551213,0,0,passos_sem_dados,0,1.712780,8497.919072,16324.871859,73.458202,1282.944739,0.065490,/Users/pedrorebollo/projetos/traje_disc/experimento_v4/outputs/routes/route_1bd96d4697af.csv
145114596ddc,707,volta,5184,2,2,2,759,180,5.000000,250.000000,1.500000,56,0.832703,0,0,passos_sem_dados,0,2.108037,8492.121093,16315.884567,70.213747,1090.662018,0.059941,/Users/pedrorebollo/projetos/traje_disc/experimento_v4/outputs/routes/route_145114596ddc.csv
b2c7720ff417,707,volta,5184,2,2,2,759,180,5.000000,250.000000,2.000000,48,0.777259,0,0,passos_sem_dados,0,2.108037,8483.299780,16310.393423,62.937037,1238.987300,0.055231,/Users/pedrorebollo/projetos/traje_disc/experimento_v4/outputs/routes/route_b2c7720ff417.csv
17de7797ccff,707,volta,5184,2,2,2,759,360,5.000000,250.000000,1.100000,76,0.854233,0,0,passos_sem_dados,0,1.844532,8480.353526,16327.808545,68.331767,1209.170134,0.137424,/Users/pedrorebollo/projetos/traje_disc/experimento_v4/outputs/routes/route_17de7797ccff.csv
37bcaa753b2c,707,volta,5184,2,2,2,759,360,5.000000,250.000000,1.250000,64,0.551795,0,0,passos_sem_dados,0,1.712780,8497.417037,16325.223673,73.648770,1281.760709,0.126935,/Users/pedrorebollo/projetos/traje_disc/experimento_v4/outputs/routes/route_37bcaa753b2c.csv
3271df984365,707,volta,5184,2,2,2,759,360,5.000000,250.000000,1.500000,64,1.252619,0,0,passos_sem_dados,0,2.239789,8479.802211,16315.966711,66.912751,998.677895,0.120279,/Users/pedrorebollo/projetos/traje_disc/experimento_v4/outputs/routes/route_3271df984365.csv
4e54a81fd2b9,707,volta,5184,2,2,2,759,360,5.000000,250.000000,2.000000,48,0.786704,0,0,passos_sem_dados,0,2.371542,8488.125792,16310.893560,61.060529,1180.223949,0.110096,/Users/pedrorebollo/projetos/traje_disc/experimento_v4/outputs/routes/route_4e54a81fd2b9.csv
214bf95c0434,707,volta,5184,2,2,2,759,90,10.000000,250.000000,1.100000,76,0.795100,0,0,passos_sem_dados,0,2.239789,8501.843191,16316.791109,70.530350,1465.358889,0.061500,/Users/pedrorebollo/projetos/traje_disc/experimento_v4/outputs/routes/route_214bf95c0434.csv
cf39d2bf1b45,707,volta,5184,2,2,2,759,90,10.000000,250.000000,1.250000,72,0.775632,0,0,passos_sem_dados,0,1.844532,8496.125783,16328.340081,70.982658,1329.622851,0.061752,/Users/pedrorebollo/projetos/traje_disc/experimento_v4/outputs/routes/route_cf39d2bf1b45.csv
095509ed6cb9,707,volta,5184,2,2,2,759,90,10.000000,250.000000,1.500000,68,1.354480,0,0,passos_sem_dados,0,1.844532,8465.980256,16328.115561,66.446965,843.061096,0.053087,/Users/pedrorebollo/projetos/traje_disc/experimento_v4/outputs/routes/route_095509ed6cb9.csv
fca7a25fcaa2,707,volta,5184,2,2,2,759,90,10.000000,250.000000,2.000000,60,1.507471,0,0,passos_sem_dados,0,2.108037,8480.444887,16349.970503,62.376931,754.396146,0.049166,/Users/pedrorebollo/projetos/traje_disc/experimento_v4/outputs/routes/route_fca7a25fcaa2.csv
d9dfaccf3892,707,volta,5184,2,2,2,759,180,10.000000,250.000000,1.100000,76,0.789658,0,0,passos_sem_dados,0,2.503294,8495.360007,16316.645404,70.854532,1396.389576,0.079893,/Users/pedrorebollo/projetos/traje_disc/experimento_v4/outputs/routes/route_d9dfaccf3892.csv
beae2feef0c9,707,volta,5184,2,2,2,759,180,10.000000,250.000000,1.250000,72,0.776202,0,0,passos_sem_dados,0,1.844532,8495.362929,16328.672981,71.581004,1326.345106,0.077104,/Users/pedrorebollo/projetos/traje_disc/experimento_v4/outputs/routes/route_beae2feef0c9.csv
7c06d391ba50,707,volta,5184,2,2,2,759,180,10.000000,250.000000,1.500000,68,1.354480,0,0,passos_sem_dados,0,1.844532,8465.980256,16328.115561,66.446965,843.061096,0.064213,/Users/pedrorebollo/projetos/traje_disc/experimento_v4/outputs/routes/route_7c06d391ba50.csv
7ff7c0f3b49b,707,volta,5184,2,2,2,759,180,10.000000,250.000000,2.000000,60,1.507471,0,0,passos_sem_dados,0,2.108037,8480.444887,16349.970503,62.376931,754.396146,0.058422,/Users/pedrorebollo/projetos/traje_disc/experimento_v4/outputs/routes/route_7ff7c0f3b49b.csv
3562e4c4a2bc,707,volta,5184,2,2,2,759,360,10.000000,250.000000,1.100000,76,0.789649,0,0,passos_sem_dados,0,2.635046,8495.154690,16316.258882,70.907170,1388.595243,0.156828,/Users/pedrorebollo/projetos/traje_disc/experimento_v4/outputs/routes/route_3562e4c4a2bc.csv
7f516fdcf138,707,volta,5184,2,2,2,759,360,10.000000,250.000000,1.250000,72,0.775459,0,0,passos_sem_dados,0,1.844532,8495.205351,16328.836473,71.633175,1326.118602,0.151575,/Users/pedrorebollo/projetos/traje_disc/experimento_v4/outputs/routes/route_7f516fdcf138.csv
e3d5f288837b,707,volta,5184,2,2,2,759,360,10.000000,250.000000,1.500000,68,1.351110,0,0,passos_sem_dados,0,1.581028,8466.239479,16328.211227,66.572224,854.180300,0.125440,/Users/pedrorebollo/projetos/traje_disc/experimento_v4/outputs/routes/route_e3d5f288837b.csv
3553353de96e,707,volta,5184,2,2,2,759,360,10.000000,250.000000,2.000000,64,1.696932,0,0,passos_sem_dados,0,2.108037,8480.277539,16349.916924,59.517507,775.172658,0.119923,/Users/pedrorebollo/projetos/traje_disc/experimento_v4/outputs/routes/route_3553353de96e.csv
40971417da30,707,volta,5184,2,2,2,759,90,20.000000,250.000000,1.100000,88,1.101546,0,0,passos_sem_dados,0,2.239789,8472.484031,16314.594229,78.848390,1244.456434,0.073459,/Users/pedrorebollo/projetos/traje_disc/experimento_v4/outputs/routes/route_40971417da30.csv
42453817a368,707,volta,5184,2,2,2,759,90,20.000000,250.000000,1.250000,68,0.747017,0,0,passos_sem_dados,0,1.581028,8501.829653,16328.866863,72.040568,1329.202149,0.049728,/Users/pedrorebollo/projetos/traje_disc/experimento_v4/outputs/routes/route_42453817a368.csv
c49362d92e86,707,volta,5184,2,2,2,759,90,20.000000,250.000000,1.500000,60,0.646425,0,0,passos_sem_dados,0,1.317523,8491.196508,16326.943852,82.586461,1143.074887,0.057028,/Users/pedrorebollo/projetos/traje_disc/experimento_v4/outputs/routes/route_c49362d92e86.csv
4d66806b1c1d,707,volta,5184,2,2,2,759,90,20.000000,250.000000,2.000000,52,0.638804,0,0,passos_sem_dados,0,1.581028,8505.520860,16324.252652,66.576098,1533.428690,0.047386,/Users/pedrorebollo/projetos/traje_disc/experimento_v4/outputs/routes/route_4d66806b1c1d.csv
6a0eed6ea41e,707,volta,5184,2,2,2,759,180,20.000000,250.000000,1.100000,92,1.241561,0,0,passos_sem_dados,0,2.766798,8471.213988,16314.144219,74.084364,1101.545053,0.101373,/Users/pedrorebollo/projetos/traje_disc/experimento_v4/outputs/routes/route_6a0eed6ea41e.csv
1f6b5e045da2,707,volta,5184,2,2,2,759,180,20.000000,250.000000,1.250000,60,0.565714,0,0,passos_sem_dados,0,1.317523,8502.754726,16328.054228,79.334937,1151.757179,0.061883,/Users/pedrorebollo/projetos/traje_disc/experimento_v4/outputs/routes/route_1f6b5e045da2.csv
87e9de34413f,707,volta,5184,2,2,2,759,180,20.000000,250.000000,1.500000,68,0.963870,0,0,passos_sem_dados,0,1.712780,8488.776414,16326.748786,78.554425,984.347933,0.077470,/Users/pedrorebollo/projetos/traje_disc/experimento_v4/outputs/routes/route_87e9de34413f.csv
d7d5a94c9416,707,volta,5184,2,2,2,759,180,20.000000,250.000000,2.000000,52,0.638316,0,0,passos_sem_dados,0,1.449275,8505.625148,16324.544985,66.981647,1541.166433,0.059798,/Users/pedrorebollo/projetos/traje_disc/experimento_v4/outputs/routes/route_d7d5a94c9416.csv
3c4869915951,707,volta,5184,2,2,2,759,360,20.000000,250.000000,1.100000,76,0.796950,0,0,passos_sem_dados,0,1.844532,8492.339058,16314.357314,82.141899,1476.495276,0.165589,/Users/pedrorebollo/projetos/traje_disc/experimento_v4/outputs/routes/route_3c4869915951.csv
f27d212359dc,707,volta,5184,2,2,2,759,360,20.000000,250.000000,1.250000,60,0.565623,0,0,passos_sem_dados,0,1.317523,8503.067651,16328.478685,79.105228,1149.583937,0.121649,/Users/pedrorebollo/projetos/traje_disc/experimento_v4/outputs/routes/route_f27d212359dc.csv
50b25a8fac47,707,volta,5184,2,2,2,759,360,20.000000,250.000000,1.500000,56,0.580359,0,0,passos_sem_dados,0,1.317523,8505.933316,16326.795255,88.333476,1262.552777,0.141686,/Users/pedrorebollo/projetos/traje_disc/experimento_v4/outputs/routes/route_50b25a8fac47.csv
96cf2da7de54,707,volta,5184,2,2,2,759,360,20.000000,250.000000,2.000000,52,0.637814,0,0,passos_sem_dados,0,1.449275,8505.745285,16324.459198,67.055384,1548.773919,0.123947,/Users/pedrorebollo/projetos/traje_disc/experimento_v4/outputs/routes/route_96cf2da7de54.csv
38a28cb980f4,505,ida,1944,5,5,5,3102,90,5.000000,250.000000,1.100000,3912,13.372082,1,0,chegada_destino,1,85.428756,53.903900,210.683640,4.149506,1379.415574,0.441353,/Users/pedrorebollo/projetos/traje_disc/experimento_v4/outputs/routes/route_38a28cb980f4.csv
28b39c6cd0fc,505,ida,1944,5,5,5,3102,90,5.000000,250.000000,1.250000,4956,13.385871,1,0,chegada_destino,1,85.460993,54.062733,211.836192,3.964832,1810.100148,0.522440,/Users/pedrorebollo/projetos/traje_disc/experimento_v4/outputs/routes/route_28b39c6cd0fc.csv
7272cfb25e3f,505,ida,1944,5,5,5,3102,90,5.000000,250.000000,1.500000,5108,13.396632,1,0,chegada_destino,1,85.654417,54.064611,210.499429,3.812312,1834.658860,0.550309,/Users/pedrorebollo/projetos/traje_disc/experimento_v4/outputs/routes/route_7272cfb25e3f.csv
f1eb7c4a9023,505,ida,1944,5,5,5,3102,90,5.000000,250.000000,2.000000,792,13.704253,0,0,passos_sem_dados,0,79.110251,57.027385,203.715394,8.822387,230.090078,0.100841,/Users/pedrorebollo/projetos/traje_disc/experimento_v4/outputs/routes/route_f1eb7c4a9023.csv
1061addd97e7,505,ida,1944,5,5,5,3102,180,5.000000,250.000000,1.100000,3892,13.371887,1,0,chegada_destino,1,85.396518,53.984023,210.505860,4.216037,1401.882718,0.831775,/Users/pedrorebollo/projetos/traje_disc/experimento_v4/outputs/routes/route_1061addd97e7.csv
860dc1a1cd35,505,ida,1944,5,5,5,3102,180,5.000000,250.000000,1.250000,4968,13.397039,1,0,chegada_destino,1,85.428756,54.138287,214.091552,3.979795,1847.674548,1.023070,/Users/pedrorebollo/projetos/traje_disc/experimento_v4/outputs/routes/route_860dc1a1cd35.csv
9b59827e52b2,505,ida,1944,5,5,5,3102,180,5.000000,250.000000,1.500000,5088,13.415895,1,0,chegada_destino,1,85.557705,54.023413,210.510800,3.958361,1852.223535,1.045340,/Users/pedrorebollo/projetos/traje_disc/experimento_v4/outputs/routes/route_9b59827e52b2.csv
791165996aa6,505,ida,1944,5,5,5,3102,180,5.000000,250.000000,2.000000,692,13.332152,1,0,chegada_destino,1,77.852998,56.378225,205.859064,8.009074,193.897012,0.175067,/Users/pedrorebollo/projetos/traje_disc/experimento_v4/outputs/routes/route_791165996aa6.csv
8b569cf03fce,505,ida,1944,5,5,5,3102,360,5.000000,250.000000,1.100000,3840,13.354176,1,0,chegada_destino,1,85.332044,54.114923,211.004971,4.215435,1324.243393,1.596061,/Users/pedrorebollo/projetos/traje_disc/experimento_v4/outputs/routes/route_8b569cf03fce.csv
b0d3e0918c07,505,ida,1944,5,5,5,3102,360,5.000000,250.000000,1.250000,5004,13.399821,1,0,chegada_destino,1,85.460993,54.050165,211.987119,3.960234,1840.666208,1.995356,/Users/pedrorebollo/projetos/traje_disc/experimento_v4/outputs/routes/route_b0d3e0918c07.csv
961a844275f4,505,ida,1944,5,5,5,3102,360,5.000000,250.000000,1.500000,5040,13.392032,1,0,chegada_destino,1,85.525467,54.038469,210.579056,3.837066,1750.067435,2.028278,/Users/pedrorebollo/projetos/traje_disc/experimento_v4/outputs/routes/route_961a844275f4.csv
fb72c0b0894e,505,ida,1944,5,5,5,3102,360,5.000000,250.000000,2.000000,676,13.291877,1,0,chegada_destino,1,76.853643,56.735901,205.693907,8.041251,194.888154,0.332736,/Users/pedrorebollo/projetos/traje_disc/experimento_v4/outputs/routes/route_fb72c0b0894e.csv
c68880b82ccc,505,ida,1944,5,5,5,3102,90,10.000000,250.000000,1.100000,2836,13.258561,1,0,chegada_destino,1,85.170858,54.382262,213.762260,3.826192,742.257699,0.319820,/Users/pedrorebollo/projetos/traje_disc/experimento_v4/outputs/routes/route_c68880b82ccc.csv
1f5fa8d4fdd0,505,ida,1944,5,5,5,3102,90,10.000000,250.000000,1.250000,3516,13.281326,1,0,chegada_destino,1,85.170858,54.488291,212.932702,3.593325,990.145569,0.382620,/Users/pedrorebollo/projetos/traje_disc/experimento_v4/outputs/routes/route_1f5fa8d4fdd0.csv
700134ac623a,505,ida,1944,5,5,5,3102,90,10.000000,250.000000,1.500000,3604,13.306086,1,0,chegada_destino,1,85.557705,54.198427,212.859192,3.650956,980.271710,0.394236,/Users/pedrorebollo/projetos/traje_disc/experimento_v4/outputs/routes/route_700134ac623a.csv
fb1cf5a43b10,505,ida,1944,5,5,5,3102,90,10.000000,250.000000,2.000000,724,13.353581,1,0,chegada_destino,1,78.078659,56.807224,206.243800,7.753775,213.493176,0.093308,/Users/pedrorebollo/projetos/traje_disc/experimento_v4/outputs/routes/route_fb1cf5a43b10.csv
434f8bfa05de,505,ida,1944,5,5,5,3102,180,10.000000,250.000000,1.100000,2828,13.257251,1,0,chegada_destino,1,85.525467,54.236473,212.868980,3.735196,710.686695,0.610784,/Users/pedrorebollo/projetos/traje_disc/experimento_v4/outputs/routes/route_434f8bfa05de.csv
61da15f5447b,505,ida,1944,5,5,5,3102,180,10.000000,250.000000,1.250000,3512,13.287155,1,0,chegada_destino,1,85.396518,54.366129,213.171374,3.591283,939.484560,0.740480,/Users/pedrorebollo/projetos/traje_disc/experimento_v4/outputs/routes/route_61da15f5447b.csv
caf4837d913f,505,ida,1944,5,5,5,3102,180,10.000000,250.000000,1.500000,3536,13.276043,1,0,chegada_destino,1,84.977434,54.555728,212.972928,3.633695,972.788830,0.745406,/Users/pedrorebollo/projetos/traje_disc/experimento_v4/outputs/routes/route_caf4837d913f.csv
908e0434db0a,505,ida,1944,5,5,5,3102,180,10.000000,250.000000,2.000000,712,13.605442,0,0,passos_sem_dados,0,76.176660,58.465380,203.093196,9.866807,210.105164,0.174475,/Users/pedrorebollo/projetos/traje_disc/experimento_v4/outputs/routes/route_908e0434db0a.csv
0fc0dfb1ea9b,505,ida,1944,5,5,5,3102,360,10.000000,250.000000,1.100000,2788,13.256090,1,0,chegada_destino,1,85.267569,54.320328,212.992246,3.777836,668.994342,1.180408,/Users/pedrorebollo/projetos/traje_disc/experimento_v4/outputs/routes/route_0fc0dfb1ea9b.csv
9cd5b8bad1cc,505,ida,1944,5,5,5,3102,360,10.000000,250.000000,1.250000,3528,13.295147,1,0,chegada_destino,1,85.428756,54.351276,213.251732,3.661264,956.082846,1.456652,/Users/pedrorebollo/projetos/traje_disc/experimento_v4/outputs/routes/route_9cd5b8bad1cc.csv
4226c6949f49,505,ida,1944,5,5,5,3102,360,10.000000,250.000000,1.500000,3592,13.318503,1,0,chegada_destino,1,85.589942,54.172940,212.905252,3.591993,978.219246,1.489147,/Users/pedrorebollo/projetos/traje_disc/experimento_v4/outputs/routes/route_4226c6949f49.csv
dc00ce959913,505,ida,1944,5,5,5,3102,360,10.000000,250.000000,2.000000,736,13.349079,1,0,chegada_destino,1,78.110896,56.440420,206.841284,7.760314,225.945217,0.350638,/Users/pedrorebollo/projetos/traje_disc/experimento_v4/outputs/routes/route_dc00ce959913.csv
321263bbd430,505,ida,1944,5,5,5,3102,90,20.000000,250.000000,1.100000,1976,13.205332,1,0,chegada_destino,1,84.784010,55.025951,218.225769,3.625341,391.763278,0.220987,/Users/pedrorebollo/projetos/traje_disc/experimento_v4/outputs/routes/route_321263bbd430.csv
f417eed8fc9c,505,ida,1944,5,5,5,3102,90,20.000000,250.000000,1.250000,2188,13.147251,1,0,chegada_destino,1,84.977434,55.259462,218.321995,3.385478,381.351997,0.242234,/Users/pedrorebollo/projetos/traje_disc/experimento_v4/outputs/routes/route_f417eed8fc9c.csv
e0826d47746b,505,ida,1944,5,5,5,3102,90,20.000000,250.000000,1.500000,2164,13.176408,1,0,chegada_destino,1,84.880722,55.079916,218.727067,3.516143,396.304888,0.243265,/Users/pedrorebollo/projetos/traje_disc/experimento_v4/outputs/routes/route_e0826d47746b.csv
f88f44eaaf50,505,ida,1944,5,5,5,3102,90,20.000000,250.000000,2.000000,648,13.304798,1,0,chegada_destino,1,79.561573,56.775403,209.433051,8.281721,146.665516,0.083982,/Users/pedrorebollo/projetos/traje_disc/experimento_v4/outputs/routes/route_f88f44eaaf50.csv
7eb53f209079,505,ida,1944,5,5,5,3102,180,20.000000,250.000000,1.100000,1964,13.200281,1,0,chegada_destino,1,85.138620,54.838808,214.379476,3.475808,379.979875,0.435120,/Users/pedrorebollo/projetos/traje_disc/experimento_v4/outputs/routes/route_7eb53f209079.csv
27587a95e372,505,ida,1944,5,5,5,3102,180,20.000000,250.000000,1.250000,2148,13.153317,1,0,chegada_destino,1,84.816248,55.000894,216.490590,3.253782,386.961291,0.462172,/Users/pedrorebollo/projetos/traje_disc/experimento_v4/outputs/routes/route_27587a95e372.csv
a419480490d5,505,ida,1944,5,5,5,3102,180,20.000000,250.000000,1.500000,2172,13.168767,1,0,chegada_destino,1,84.719536,55.175316,216.417942,3.291610,443.788497,0.471836,/Users/pedrorebollo/projetos/traje_disc/experimento_v4/outputs/routes/route_a419480490d5.csv
9fd431b8ec89,505,ida,1944,5,5,5,3102,180,20.000000,250.000000,2.000000,556,13.568772,0,0,passos_sem_dados,0,76.015474,58.825583,206.567097,11.688578,145.813215,0.141637,/Users/pedrorebollo/projetos/traje_disc/experimento_v4/outputs/routes/route_9fd431b8ec89.csv
a4960abbb5a9,505,ida,1944,5,5,5,3102,360,20.000000,250.000000,1.100000,1932,13.165624,1,0,chegada_destino,1,85.009671,54.971249,216.352677,3.436238,351.287830,0.838834,/Users/pedrorebollo/projetos/traje_disc/experimento_v4/outputs/routes/route_a4960abbb5a9.csv
30134d15e4b0,505,ida,1944,5,5,5,3102,360,20.000000,250.000000,1.250000,2176,13.161014,1,0,chegada_destino,1,85.009671,55.209033,216.348745,3.488653,434.483853,0.938362,/Users/pedrorebollo/projetos/traje_disc/experimento_v4/outputs/routes/route_30134d15e4b0.csv
7c8cb71d6a23,505,ida,1944,5,5,5,3102,360,20.000000,250.000000,1.500000,2168,13.181031,1,0,chegada_destino,1,84.590587,55.028319,216.349246,3.199354,425.948192,0.915514,/Users/pedrorebollo/projetos/traje_disc/experimento_v4/outputs/routes/route_7c8cb71d6a23.csv
a5767c80d05b,505,ida,1944,5,5,5,3102,360,20.000000,250.000000,2.000000,636,13.305251,1,0,chegada_destino,1,77.208253,56.962077,209.624574,8.343400,150.677637,0.302487,/Users/pedrorebollo/projetos/traje_disc/experimento_v4/outputs/routes/route_a5767c80d05b.csv
fa9d8fd25114,505,volta,5121,3,3,3,1754,90,5.000000,250.000000,1.100000,1828,14.552278,0,0,passos_sem_dados,0,84.378563,12.610052,79.969553,7.082550,569.127572,0.198820,/Users/pedrorebollo/projetos/traje_disc/experimento_v4/outputs/routes/route_fa9d8fd25114.csv
b9893d37bf3c,505,volta,5121,3,3,3,1754,90,5.000000,250.000000,1.250000,2928,15.245774,0,0,passos_sem_dados,0,86.830103,12.070111,86.465389,6.617128,963.763838,0.310197,/Users/pedrorebollo/projetos/traje_disc/experimento_v4/outputs/routes/route_b9893d37bf3c.csv
d08174376e4f,505,volta,5121,3,3,3,1754,90,5.000000,250.000000,1.500000,3028,14.517808,0,0,passos_sem_dados,0,86.316990,12.334909,90.304032,5.527000,1028.612044,0.325256,/Users/pedrorebollo/projetos/traje_disc/experimento_v4/outputs/routes/route_d08174376e4f.csv
cfe01e3d20d3,505,volta,5121,3,3,3,1754,90,5.000000,250.000000,2.000000,652,13.755726,0,0,passos_sem_dados,0,75.256556,17.070268,86.760630,12.371788,206.451599,0.086814,/Users/pedrorebollo/projetos/traje_disc/experimento_v4/outputs/routes/route_cfe01e3d20d3.csv
70ffe8a721cf,505,volta,5121,3,3,3,1754,180,5.000000,250.000000,1.100000,1768,14.349620,0,0,passos_sem_dados,0,80.843786,13.625388,86.336500,7.707086,562.146280,0.387142,/Users/pedrorebollo/projetos/traje_disc/experimento_v4/outputs/routes/route_70ffe8a721cf.csv
e4515041e153,505,volta,5121,3,3,3,1754,180,5.000000,250.000000,1.250000,2976,15.683094,0,0,passos_sem_dados,0,87.913341,11.451887,81.286128,7.390603,927.744440,0.624079,/Users/pedrorebollo/projetos/traje_disc/experimento_v4/outputs/routes/route_e4515041e153.csv
6bd1eac5a771,505,volta,5121,3,3,3,1754,180,5.000000,250.000000,1.500000,3084,15.043568,0,0,passos_sem_dados,0,86.773090,11.610867,68.009461,6.067315,974.221474,0.628120,/Users/pedrorebollo/projetos/traje_disc/experimento_v4/outputs/routes/route_6bd1eac5a771.csv
3c586dd38e0d,505,volta,5121,3,3,3,1754,180,5.000000,250.000000,2.000000,664,13.568806,0,0,passos_sem_dados,0,74.572406,20.024892,117.555478,10.817305,232.406419,0.170130,/Users/pedrorebollo/projetos/traje_disc/experimento_v4/outputs/routes/route_3c586dd38e0d.csv
8e07b4b6f0f3,505,volta,5121,3,3,3,1754,360,5.000000,250.000000,1.100000,1800,14.382637,0,0,passos_sem_dados,0,84.150513,12.277729,62.534218,7.162529,568.450029,0.756821,/Users/pedrorebollo/projetos/traje_disc/experimento_v4/outputs/routes/route_8e07b4b6f0f3.csv
3cc6cf4cda9a,505,volta,5121,3,3,3,1754,360,5.000000,250.000000,1.250000,2972,14.597310,0,0,passos_sem_dados,0,86.488027,12.496745,89.976411,5.882881,993.910779,1.219422,/Users/pedrorebollo/projetos/traje_disc/experimento_v4/outputs/routes/route_3cc6cf4cda9a.csv
9a15e5e90550,505,volta,5121,3,3,3,1754,360,5.000000,250.000000,1.500000,3032,14.576812,0,0,passos_sem_dados,0,86.316990,12.425107,89.176086,5.726337,1034.026770,1.198796,/Users/pedrorebollo/projetos/traje_disc/experimento_v4/outputs/routes/route_9a15e5e90550.csv
cec8ed23e550,505,volta,5121,3,3,3,1754,360,5.000000,250.000000,2.000000,712,14.097862,1,0,chegada_destino,1,78.164196,14.701175,68.566430,10.052094,257.001906,0.344420,/Users/pedrorebollo/projetos/traje_disc/experimento_v4/outputs/routes/route_cec8ed23e550.csv
028ec1171fec,505,volta,5121,3,3,3,1754,90,10.000000,250.000000,1.100000,1700,14.601119,0,0,passos_sem_dados,0,85.347777,12.568126,79.452557,6.849827,434.095974,0.195187,/Users/pedrorebollo/projetos/traje_disc/experimento_v4/outputs/routes/route_028ec1171fec.csv
bffbfcc5285d,505,volta,5121,3,3,3,1754,90,10.000000,250.000000,1.250000,2428,14.708092,0,0,passos_sem_dados,0,88.141391,11.632728,78.126837,6.880724,652.842763,0.254638,/Users/pedrorebollo/projetos/traje_disc/experimento_v4/outputs/routes/route_bffbfcc5285d.csv
c3091a1c4491,505,volta,5121,3,3,3,1754,90,10.000000,250.000000,1.500000,2588,15.135425,0,0,passos_sem_dados,0,89.452680,11.180614,84.643662,6.786739,660.540608,0.271776,/Users/pedrorebollo/projetos/traje_disc/experimento_v4/outputs/routes/route_c3091a1c4491.csv
c86e07fd179f,505,volta,5121,3,3,3,1754,90,10.000000,250.000000,2.000000,660,13.656820,0,0,passos_sem_dados,0,77.936146,16.508668,104.870456,11.612175,196.024738,0.088407,/Users/pedrorebollo/projetos/traje_disc/experimento_v4/outputs/routes/route_c86e07fd179f.csv
d5d1dff579f3,505,volta,5121,3,3,3,1754,180,10.000000,250.000000,1.100000,1632,14.325464,0,0,passos_sem_dados,0,81.812999,13.433545,84.343779,8.861988,464.824537,0.368202,/Users/pedrorebollo/projetos/traje_disc/experimento_v4/outputs/routes/route_d5d1dff579f3.csv
e08dacd3a402,505,volta,5121,3,3,3,1754,180,10.000000,250.000000,1.250000,2432,14.815178,0,0,passos_sem_dados,0,87.685291,11.974176,88.101630,7.015864,643.957495,0.496559,/Users/pedrorebollo/projetos/traje_disc/experimento_v4/outputs/routes/route_e08dacd3a402.csv
8510ac3cea9d,505,volta,5121,3,3,3,1754,180,10.000000,250.000000,1.500000,2584,14.720168,0,0,passos_sem_dados,0,88.768529,12.310711,96.051322,6.674992,715.293128,0.523615,/Users/pedrorebollo/projetos/traje_disc/experimento_v4/outputs/routes/route_8510ac3cea9d.csv
fe38dc5c830e,505,volta,5121,3,3,3,1754,180,10.000000,250.000000,2.000000,592,13.662553,0,0,passos_sem_dados,0,67.958951,19.441774,109.390157,12.246575,174.445442,0.145191,/Users/pedrorebollo/projetos/traje_disc/experimento_v4/outputs/routes/route_fe38dc5c830e.csv
cf94c366c494,505,volta,5121,3,3,3,1754,360,10.000000,250.000000,1.100000,1724,14.394745,1,0,chegada_destino,1,85.233751,12.391794,78.559228,8.410540,463.163587,0.728077,/Users/pedrorebollo/projetos/traje_disc/experimento_v4/outputs/routes/route_cf94c366c494.csv
b5205918b171,505,volta,5121,3,3,3,1754,360,10.000000,250.000000,1.250000,2444,14.693307,0,0,passos_sem_dados,0,88.084379,11.981350,87.527630,6.879233,662.370116,0.981756,/Users/pedrorebollo/projetos/traje_disc/experimento_v4/outputs/routes/route_b5205918b171.csv
9371e1827d96,505,volta,5121,3,3,3,1754,360,10.000000,250.000000,1.500000,2544,15.175259,0,0,passos_sem_dados,0,86.944128,12.080097,89.661014,7.237778,693.121203,1.024212,/Users/pedrorebollo/projetos/traje_disc/experimento_v4/outputs/routes/route_9371e1827d96.csv
3321358b622d,505,volta,5121,3,3,3,1754,360,10.000000,250.000000,2.000000,704,14.094088,0,0,passos_sem_dados,0,78.107184,14.954547,68.563061,11.247074,216.291225,0.332200,/Users/pedrorebollo/projetos/traje_disc/experimento_v4/outputs/routes/route_3321358b622d.csv
e6ecbbfc6955,505,volta,5121,3,3,3,1754,90,20.000000,250.000000,1.100000,1428,14.418746,0,0,passos_sem_dados,0,85.347777,12.674050,81.177813,9.009494,330.120053,0.166538,/Users/pedrorebollo/projetos/traje_disc/experimento_v4/outputs/routes/route_e6ecbbfc6955.csv
973c2d9b15fb,505,volta,5121,3,3,3,1754,90,20.000000,250.000000,1.250000,1792,14.597059,0,0,passos_sem_dados,0,87.343216,12.270776,90.404517,6.729519,355.284235,0.197227,/Users/pedrorebollo/projetos/traje_disc/experimento_v4/outputs/routes/route_973c2d9b15fb.csv
b8fb55ec904f,505,volta,5121,3,3,3,1754,90,20.000000,250.000000,1.500000,1880,14.665390,0,0,passos_sem_dados,0,89.509692,11.693358,92.231790,6.726966,374.806417,0.209367,/Users/pedrorebollo/projetos/traje_disc/experimento_v4/outputs/routes/route_b8fb55ec904f.csv
58858eb4c176,505,volta,5121,3,3,3,1754,90,20.000000,250.000000,2.000000,620,13.518236,0,0,passos_sem_dados,0,71.778791,19.535719,88.765200,11.574363,153.856797,0.081734,/Users/pedrorebollo/projetos/traje_disc/experimento_v4/outputs/routes/route_58858eb4c176.csv
2c0b68020751,505,volta,5121,3,3,3,1754,180,20.000000,250.000000,1.100000,1372,14.185387,0,0,passos_sem_dados,0,82.668187,13.135590,82.198698,8.928204,315.521653,0.321268,/Users/pedrorebollo/projetos/traje_disc/experimento_v4/outputs/routes/route_2c0b68020751.csv
dfcbedca8b02,505,volta,5121,3,3,3,1754,180,20.000000,250.000000,1.250000,1788,14.593554,0,0,passos_sem_dados,0,87.970353,12.173969,90.873182,6.808923,342.772410,0.396482,/Users/pedrorebollo/projetos/traje_disc/experimento_v4/outputs/routes/route_dfcbedca8b02.csv
083f7f01ce2b,505,volta,5121,3,3,3,1754,180,20.000000,250.000000,1.500000,1876,14.211699,0,0,passos_sem_dados,0,89.452680,11.558067,91.058842,6.787391,368.649891,0.414121,/Users/pedrorebollo/projetos/traje_disc/experimento_v4/outputs/routes/route_083f7f01ce2b.csv
25e9fcfd33ff,505,volta,5121,3,3,3,1754,180,20.000000,250.000000,2.000000,656,13.982370,0,0,passos_sem_dados,0,74.458381,17.127290,79.611386,11.784375,169.099199,0.167645,/Users/pedrorebollo/projetos/traje_disc/experimento_v4/outputs/routes/route_25e9fcfd33ff.csv
6f126266c32b,505,volta,5121,3,3,3,1754,360,20.000000,250.000000,1.100000,1412,14.200864,0,0,passos_sem_dados,0,82.440137,13.361669,85.399886,8.649323,359.141782,0.633934,/Users/pedrorebollo/projetos/traje_disc/experimento_v4/outputs/routes/route_6f126266c32b.csv
e62057835def,505,volta,5121,3,3,3,1754,360,20.000000,250.000000,1.250000,1800,14.532513,0,0,passos_sem_dados,0,86.659065,12.818074,91.448790,6.688752,392.512850,0.778340,/Users/pedrorebollo/projetos/traje_disc/experimento_v4/outputs/routes/route_e62057835def.csv
ffd7eebe9fd9,505,volta,5121,3,3,3,1754,360,20.000000,250.000000,1.500000,1880,14.674944,0,0,passos_sem_dados,0,88.882554,11.962963,94.293950,6.833873,409.264354,0.801989,/Users/pedrorebollo/projetos/traje_disc/experimento_v4/outputs/routes/route_ffd7eebe9fd9.csv
e81efec01139,505,volta,5121,3,3,3,1754,360,20.000000,250.000000,2.000000,620,13.565444,0,0,passos_sem_dados,0,74.344356,20.515933,119.299499,11.496380,168.110902,0.309449,/Users/pedrorebollo/projetos/traje_disc/experimento_v4/outputs/routes/route_e81efec01139.csv
e610f65667cc,545,ida,1990,3,3,4,4959,90,5.000000,250.000000,1.100000,348,0.719500,0,0,passos_sem_dados,0,4.678363,5633.303134,9718.421937,4.521078,3646.935077,0.066301,/Users/pedrorebollo/projetos/traje_disc/experimento_v4/outputs/routes/route_e610f65667cc.csv
cc0f4a8fe7b8,545,ida,1990,3,3,4,4959,90,5.000000,250.000000,1.250000,424,1.025395,0,0,passos_sem_dados,0,4.678363,5646.826671,9740.334324,6.132852,3818.469217,0.070956,/Users/pedrorebollo/projetos/traje_disc/experimento_v4/outputs/routes/route_cc0f4a8fe7b8.csv
c74d39c5b92a,545,ida,1990,3,3,4,4959,90,5.000000,250.000000,1.500000,480,1.228148,0,0,passos_sem_dados,0,4.678363,5617.992500,9668.562351,6.329560,3989.985807,0.074886,/Users/pedrorebollo/projetos/traje_disc/experimento_v4/outputs/routes/route_c74d39c5b92a.csv
0e82801ef557,545,ida,1990,3,3,4,4959,90,5.000000,250.000000,2.000000,176,0.684751,0,0,passos_sem_dados,0,4.517040,5655.029668,9742.826983,3.308468,1865.167125,0.031072,/Users/pedrorebollo/projetos/traje_disc/experimento_v4/outputs/routes/route_0e82801ef557.csv
a38b7fd17ebf,545,ida,1990,3,3,4,4959,180,5.000000,250.000000,1.100000,364,0.996761,0,0,passos_sem_dados,0,4.698528,5545.808019,9598.991221,7.342853,3327.419357,0.134662,/Users/pedrorebollo/projetos/traje_disc/experimento_v4/outputs/routes/route_a38b7fd17ebf.csv
5019db6e8f49,545,ida,1990,3,3,4,4959,180,5.000000,250.000000,1.250000,416,0.858919,0,0,passos_sem_dados,0,4.678363,5646.392276,9741.527818,4.972648,3859.237961,0.134319,/Users/pedrorebollo/projetos/traje_disc/experimento_v4/outputs/routes/route_5019db6e8f49.csv
6bd09264223f,545,ida,1990,3,3,4,4959,180,5.000000,250.000000,1.500000,428,0.962730,0,0,passos_sem_dados,0,4.678363,5613.792551,9690.766802,5.994239,3619.313361,0.124365,/Users/pedrorebollo/projetos/traje_disc/experimento_v4/outputs/routes/route_6bd09264223f.csv
a92654ffc6b9,545,ida,1990,3,3,4,4959,180,5.000000,250.000000,2.000000,188,1.011838,0,0,passos_sem_dados,0,4.658197,5571.442466,9604.453418,8.533570,1722.198714,0.058696,/Users/pedrorebollo/projetos/traje_disc/experimento_v4/outputs/routes/route_a92654ffc6b9.csv
81fd77bf79b6,545,ida,1990,3,3,4,4959,360,5.000000,250.000000,1.100000,344,0.762563,0,0,passos_sem_dados,0,4.678363,5650.029799,9744.910341,3.965516,3425.295127,0.243497,/Users/pedrorebollo/projetos/traje_disc/experimento_v4/outputs/routes/route_81fd77bf79b6.csv
4403c4af7cfc,545,ida,1990,3,3,4,4959,360,5.000000,250.000000,1.250000,412,1.068567,0,0,passos_sem_dados,0,4.678363,5646.915918,9741.163962,5.362326,3518.031216,0.258032,/Users/pedrorebollo/projetos/traje_disc/experimento_v4/outputs/routes/route_4403c4af7cfc.csv
7d686622ea6b,545,ida,1990,3,3,4,4959,360,5.000000,250.000000,1.500000,436,1.124181,0,0,passos_sem_dados,0,4.678363,5613.337837,9690.832152,6.428911,3408.775011,0.242424,/Users/pedrorebollo/projetos/traje_disc/experimento_v4/outputs/routes/route_7d686622ea6b.csv
e864765ac21d,545,ida,1990,3,3,4,4959,360,5.000000,250.000000,2.000000,188,0.889220,0,0,passos_sem_dados,0,4.658197,5612.218973,9667.355460,6.684490,1958.475784,0.114208,/Users/pedrorebollo/projetos/traje_disc/experimento_v4/outputs/routes/route_e864765ac21d.csv
640247dead54,545,ida,1990,3,3,4,4959,90,10.000000,250.000000,1.100000,232,0.619912,0,0,passos_sem_dados,0,4.638032,5649.678453,9745.137812,4.537689,2693.133317,0.053514,/Users/pedrorebollo/projetos/traje_disc/experimento_v4/outputs/routes/route_640247dead54.csv
25e45fdae0d3,545,ida,1990,3,3,4,4959,90,10.000000,250.000000,1.250000,260,0.661123,0,0,passos_sem_dados,0,4.638032,5642.538869,9737.030047,5.361437,3385.892384,0.047969,/Users/pedrorebollo/projetos/traje_disc/experimento_v4/outputs/routes/route_25e45fdae0d3.csv
36cde7aa9240,545,ida,1990,3,3,4,4959,90,10.000000,250.000000,1.500000,284,1.035677,0,0,passos_sem_dados,0,4.638032,5604.171496,9648.045446,8.732186,2952.275006,0.050296,/Users/pedrorebollo/projetos/traje_disc/experimento_v4/outputs/routes/route_36cde7aa9240.csv
bc7b0f9ebf87,545,ida,1990,3,3,4,4959,90,10.000000,250.000000,2.000000,180,0.836325,0,0,passos_sem_dados,0,4.638032,5652.184409,9745.610209,4.060719,1946.505193,0.029715,/Users/pedrorebollo/projetos/traje_disc/experimento_v4/outputs/routes/route_bc7b0f9ebf87.csv
c507bd3b463e,545,ida,1990,3,3,4,4959,180,10.000000,250.000000,1.100000,252,0.758353,0,0,passos_sem_dados,0,4.638032,5623.373161,9703.381846,7.086714,3410.320766,0.110038,/Users/pedrorebollo/projetos/traje_disc/experimento_v4/outputs/routes/route_c507bd3b463e.csv
215618451ba4,545,ida,1990,3,3,4,4959,180,10.000000,250.000000,1.250000,276,0.898339,0,0,passos_sem_dados,0,4.638032,5645.899005,9738.660107,7.023038,2758.576029,0.096531,/Users/pedrorebollo/projetos/traje_disc/experimento_v4/outputs/routes/route_215618451ba4.csv
46ddc0c28ac1,545,ida,1990,3,3,4,4959,180,10.000000,250.000000,1.500000,256,1.112545,0,0,passos_sem_dados,0,4.617867,5530.534512,9565.105041,10.773193,1863.533293,0.083106,/Users/pedrorebollo/projetos/traje_disc/experimento_v4/outputs/routes/route_46ddc0c28ac1.csv
c4f0712b7ab6,545,ida,1990,3,3,4,4959,180,10.000000,250.000000,2.000000,180,0.978162,0,0,passos_sem_dados,0,4.638032,5651.282487,9745.007417,5.706184,1570.356533,0.056453,/Users/pedrorebollo/projetos/traje_disc/experimento_v4/outputs/routes/route_c4f0712b7ab6.csv
e0c24040799a,545,ida,1990,3,3,4,4959,360,10.000000,250.000000,1.100000,252,0.805302,0,0,passos_sem_dados,0,4.638032,5645.453281,9738.144978,5.967397,3046.517340,0.209009,/Users/pedrorebollo/projetos/traje_disc/experimento_v4/outputs/routes/route_e0c24040799a.csv
49c2888f7345,545,ida,1990,3,3,4,4959,360,10.000000,250.000000,1.250000,272,0.839488,0,0,passos_sem_dados,0,4.638032,5645.879287,9738.054703,6.399714,2815.794946,0.188850,/Users/pedrorebollo/projetos/traje_disc/experimento_v4/outputs/routes/route_49c2888f7345.csv
c824e302fcdc,545,ida,1990,3,3,4,4959,360,10.000000,250.000000,1.500000,276,1.328348,0,0,passos_sem_dados,0,4.617867,5597.020272,9644.493102,8.888242,2114.358748,0.178347,/Users/pedrorebollo/projetos/traje_disc/experimento_v4/outputs/routes/route_c824e302fcdc.csv
8da338dd180d,545,ida,1990,3,3,4,4959,360,10.000000,250.000000,2.000000,172,0.641101,0,0,passos_sem_dados,0,4.638032,5642.046085,9731.590309,4.060361,1978.873474,0.104925,/Users/pedrorebollo/projetos/traje_disc/experimento_v4/outputs/routes/route_8da338dd180d.csv
d333a57b8bcb,545,ida,1990,3,3,4,4959,90,20.000000,250.000000,1.100000,132,0.635010,0,0,passos_sem_dados,0,4.355717,5650.787522,9745.202368,4.409262,1471.918799,0.035764,/Users/pedrorebollo/projetos/traje_disc/experimento_v4/outputs/routes/route_d333a57b8bcb.csv
3547aad9a06f,545,ida,1990,3,3,4,4959,90,20.000000,250.000000,1.250000,148,0.685302,0,0,passos_sem_dados,0,4.335552,5647.196172,9733.855741,5.119301,2259.544008,0.032036,/Users/pedrorebollo/projetos/traje_disc/experimento_v4/outputs/routes/route_3547aad9a06f.csv
4112726eae61,545,ida,1990,3,3,4,4959,90,20.000000,250.000000,1.500000,144,0.741577,0,0,passos_sem_dados,0,4.355717,5646.759771,9735.533950,5.180141,1823.187464,0.029057,/Users/pedrorebollo/projetos/traje_disc/experimento_v4/outputs/routes/route_4112726eae61.csv
c4aef4d47e55,545,ida,1990,3,3,4,4959,90,20.000000,250.000000,2.000000,104,0.651941,0,0,passos_sem_dados,0,4.234725,5655.050859,9742.695338,4.127677,979.723185,0.070396,/Users/pedrorebollo/projetos/traje_disc/experimento_v4/outputs/routes/route_c4aef4d47e55.csv
ae9d1600ee1d,545,ida,1990,3,3,4,4959,180,20.000000,250.000000,1.100000,140,0.690567,0,0,passos_sem_dados,0,4.355717,5623.114382,9702.077085,6.919186,1792.453248,0.072068,/Users/pedrorebollo/projetos/traje_disc/experimento_v4/outputs/routes/route_ae9d1600ee1d.csv
8624c8f986a3,545,ida,1990,3,3,4,4959,180,20.000000,250.000000,1.250000,140,0.642976,0,0,passos_sem_dados,0,4.335552,5650.623081,9742.142629,5.106516,2040.438620,0.062168,/Users/pedrorebollo/projetos/traje_disc/experimento_v4/outputs/routes/route_8624c8f986a3.csv
b800818e09ec,545,ida,1990,3,3,4,4959,180,20.000000,250.000000,1.500000,152,1.253231,0,0,passos_sem_dados,0,4.355717,5601.602519,9627.151173,13.033841,1185.074663,0.057724,/Users/pedrorebollo/projetos/traje_disc/experimento_v4/outputs/routes/route_b800818e09ec.csv
9442906425c9,545,ida,1990,3,3,4,4959,180,20.000000,250.000000,2.000000,108,0.796409,0,0,passos_sem_dados,0,4.355717,5652.295604,9746.058380,6.973834,965.226760,0.087689,/Users/pedrorebollo/projetos/traje_disc/experimento_v4/outputs/routes/route_9442906425c9.csv
4037b1ca964e,545,ida,1990,3,3,4,4959,360,20.000000,250.000000,1.100000,140,0.683296,0,0,passos_sem_dados,0,4.355717,5650.900393,9745.998634,4.285144,1886.933966,0.140970,/Users/pedrorebollo/projetos/traje_disc/experimento_v4/outputs/routes/route_4037b1ca964e.csv
20ef2b64cdae,545,ida,1990,3,3,4,4959,360,20.000000,250.000000,1.250000,156,0.861358,0,0,passos_sem_dados,0,4.335552,5630.201388,9693.357474,8.714489,2171.876974,0.125841,/Users/pedrorebollo/projetos/traje_disc/experimento_v4/outputs/routes/route_20ef2b64cdae.csv
f1c8acab19b9,545,ida,1990,3,3,4,4959,360,20.000000,250.000000,1.500000,144,0.663597,0,0,passos_sem_dados,0,4.335552,5639.486824,9720.535096,6.828327,2067.220737,0.108426,/Users/pedrorebollo/projetos/traje_disc/experimento_v4/outputs/routes/route_f1c8acab19b9.csv
40c63212cdc2,545,ida,1990,3,3,4,4959,360,20.000000,250.000000,2.000000,108,0.673097,0,0,passos_sem_dados,0,4.355717,5649.498039,9737.935845,4.119204,1186.066514,0.174348,/Users/pedrorebollo/projetos/traje_disc/experimento_v4/outputs/routes/route_40c63212cdc2.csv
30b0d716d8ad,545,volta,1991,6,6,6,10493,90,5.000000,250.000000,1.100000,4688,11.351354,0,0,passos_sem_dados,0,42.209092,2042.777219,6010.290801,6.338237,2896.262909,0.679856,/Users/pedrorebollo/projetos/traje_disc/experimento_v4/outputs/routes/route_30b0d716d8ad.csv
90b3f99d681a,545,volta,1991,6,6,6,10493,90,5.000000,250.000000,1.250000,6104,11.518787,0,0,passos_sem_dados,0,42.561708,2042.802172,6008.441174,5.019436,3859.422687,0.830645,/Users/pedrorebollo/projetos/traje_disc/experimento_v4/outputs/routes/route_90b3f99d681a.csv
bc2ccd5e2a47,545,volta,1991,6,6,6,10493,90,5.000000,250.000000,1.500000,6216,10.788690,0,0,passos_sem_dados,0,42.599828,2044.993836,6021.965638,4.557257,4205.153945,0.829599,/Users/pedrorebollo/projetos/traje_disc/experimento_v4/outputs/routes/route_bc2ccd5e2a47.csv
6bf9639a97de,545,volta,1991,6,6,6,10493,90,5.000000,250.000000,2.000000,836,10.173533,0,0,passos_sem_dados,0,37.806156,2050.723422,6031.587131,11.859197,612.343898,0.129571,/Users/pedrorebollo/projetos/traje_disc/experimento_v4/outputs/routes/route_6bf9639a97de.csv
d4a8fb03bbe7,545,volta,1991,6,6,6,10493,180,5.000000,250.000000,1.100000,5160,10.886165,0,0,passos_sem_dados,0,42.981035,2044.520741,6014.792065,5.123252,3204.520561,1.358296,/Users/pedrorebollo/projetos/traje_disc/experimento_v4/outputs/routes/route_d4a8fb03bbe7.csv
10c84d2f6e96,545,volta,1991,6,6,6,10493,180,5.000000,250.000000,1.250000,6184,11.698223,0,0,passos_sem_dados,0,42.580768,2043.140950,6008.038538,5.189029,4028.999324,1.637062,/Users/pedrorebollo/projetos/traje_disc/experimento_v4/outputs/routes/route_10c84d2f6e96.csv
cd5db7f050b9,545,volta,1991,6,6,6,10493,180,5.000000,250.000000,1.500000,6064,11.792531,0,0,passos_sem_dados,0,42.256743,2038.754997,6018.834713,5.307346,3680.385464,1.581625,/Users/pedrorebollo/projetos/traje_disc/experimento_v4/outputs/routes/route_cd5db7f050b9.csv
3e414a436c2b,545,volta,1991,6,6,6,10493,180,5.000000,250.000000,2.000000,860,10.505128,0,0,passos_sem_dados,0,39.578767,2059.170147,6085.322423,9.734934,762.006898,0.251857,/Users/pedrorebollo/projetos/traje_disc/experimento_v4/outputs/routes/route_3e414a436c2b.csv
5f10fddce838,545,volta,1991,6,6,6,10493,360,5.000000,250.000000,1.100000,4636,10.746559,0,0,passos_sem_dados,0,41.751644,2044.133301,6009.335758,5.745857,2947.515298,2.484739,/Users/pedrorebollo/projetos/traje_disc/experimento_v4/outputs/routes/route_5f10fddce838.csv
b95bf3059d48,545,volta,1991,6,6,6,10493,360,5.000000,250.000000,1.250000,5944,11.498006,0,0,passos_sem_dados,0,41.799295,2043.037472,6008.887000,5.503657,3757.578267,2.958615,/Users/pedrorebollo/projetos/traje_disc/experimento_v4/outputs/routes/route_b95bf3059d48.csv
05dbc55221f1,545,volta,1991,6,6,6,10493,360,5.000000,250.000000,1.500000,6036,11.694533,0,0,passos_sem_dados,0,42.075669,2041.669414,6001.566234,6.271920,3584.594477,2.984628,/Users/pedrorebollo/projetos/traje_disc/experimento_v4/outputs/routes/route_05dbc55221f1.csv
9a59ded18700,545,volta,1991,6,6,6,10493,360,5.000000,250.000000,2.000000,1104,10.019527,0,0,passos_sem_dados,0,42.447346,2050.593450,6027.688433,9.359237,885.062388,0.595478,/Users/pedrorebollo/projetos/traje_disc/experimento_v4/outputs/routes/route_9a59ded18700.csv
89d8fd7a6c96,545,volta,1991,6,6,6,10493,90,10.000000,250.000000,1.100000,2884,10.635628,0,0,passos_sem_dados,0,42.352044,2044.847817,6014.052713,6.898523,1553.418708,0.425782,/Users/pedrorebollo/projetos/traje_disc/experimento_v4/outputs/routes/route_89d8fd7a6c96.csv
8ec605b7dec8,545,volta,1991,6,6,6,10493,90,10.000000,250.000000,1.250000,3316,10.160613,0,0,passos_sem_dados,0,41.484799,2044.146421,6008.293429,6.372555,1754.571974,0.457669,/Users/pedrorebollo/projetos/traje_disc/experimento_v4/outputs/routes/route_8ec605b7dec8.csv
1f1a38af7f90,545,volta,1991,6,6,6,10493,90,10.000000,250.000000,1.500000,3608,10.164429,0,0,passos_sem_dados,0,43.352711,2042.807056,6004.208931,7.418533,2032.614707,0.495035,/Users/pedrorebollo/projetos/traje_disc/experimento_v4/outputs/routes/route_1f1a38af7f90.csv
ac2c257fee3f,545,volta,1991,6,6,6,10493,90,10.000000,250.000000,2.000000,812,10.227168,0,0,passos_sem_dados,0,37.567902,2059.823023,6082.664795,10.649412,618.100322,0.129969,/Users/pedrorebollo/projetos/traje_disc/experimento_v4/outputs/routes/route_ac2c257fee3f.csv
df982a8dca20,545,volta,1991,6,6,6,10493,180,10.000000,250.000000,1.100000,2844,10.700851,0,0,passos_sem_dados,0,42.399695,2042.224384,6008.812978,7.984037,1478.941314,0.788083,/Users/pedrorebollo/projetos/traje_disc/experimento_v4/outputs/routes/route_df982a8dca20.csv
67e0cd8c44fe,545,volta,1991,6,6,6,10493,180,10.000000,250.000000,1.250000,3364,10.500533,0,0,passos_sem_dados,0,41.703993,2043.647118,6008.449439,7.098140,1782.874465,0.880906,/Users/pedrorebollo/projetos/traje_disc/experimento_v4/outputs/routes/route_67e0cd8c44fe.csv
dfec111a10b5,545,volta,1991,6,6,6,10493,180,10.000000,250.000000,1.500000,3564,9.931407,0,0,passos_sem_dados,0,42.923854,2042.977549,6009.910518,5.764120,1875.172862,0.925290,/Users/pedrorebollo/projetos/traje_disc/experimento_v4/outputs/routes/route_dfec111a10b5.csv
fb3f90acedc0,545,volta,1991,6,6,6,10493,180,10.000000,250.000000,2.000000,816,10.487423,0,0,passos_sem_dados,0,36.805489,2052.605313,6026.763964,13.646551,590.538822,0.237109,/Users/pedrorebollo/projetos/traje_disc/experimento_v4/outputs/routes/route_fb3f90acedc0.csv
5a86b7fac474,545,volta,1991,6,6,6,10493,360,10.000000,250.000000,1.100000,2896,11.665308,0,0,passos_sem_dados,0,42.390165,2039.421420,6011.062111,8.057448,1329.485678,1.558964,/Users/pedrorebollo/projetos/traje_disc/experimento_v4/outputs/routes/route_5a86b7fac474.csv
4f8ab7820d6d,545,volta,1991,6,6,6,10493,360,10.000000,250.000000,1.250000,3360,10.870506,0,0,passos_sem_dados,0,41.675403,2043.478047,6006.605223,7.551624,1723.915337,1.732112,/Users/pedrorebollo/projetos/traje_disc/experimento_v4/outputs/routes/route_4f8ab7820d6d.csv
d15cfa591a07,545,volta,1991,6,6,6,10493,360,10.000000,250.000000,1.500000,3608,10.430496,0,0,passos_sem_dados,0,42.895264,2042.944897,6004.352602,7.786851,1946.950071,1.846853,/Users/pedrorebollo/projetos/traje_disc/experimento_v4/outputs/routes/route_d15cfa591a07.csv
569340c69a9c,545,volta,1991,6,6,6,10493,360,10.000000,250.000000,2.000000,708,10.320102,0,0,passos_sem_dados,0,37.005623,2052.908579,6031.881718,13.819392,550.733770,0.399639,/Users/pedrorebollo/projetos/traje_disc/experimento_v4/outputs/routes/route_569340c69a9c.csv
e0c45dd4b968,545,volta,1991,6,6,6,10493,90,20.000000,250.000000,1.100000,1660,9.712763,0,0,passos_sem_dados,0,41.980368,2044.332262,6005.881830,9.424175,782.491991,0.236953,/Users/pedrorebollo/projetos/traje_disc/experimento_v4/outputs/routes/route_e0c45dd4b968.csv
a741eff5dff1,545,volta,1991,6,6,6,10493,90,20.000000,250.000000,1.250000,1788,9.762388,0,0,passos_sem_dados,0,41.351377,2043.839341,6001.412837,8.510208,820.750523,0.250556,/Users/pedrorebollo/projetos/traje_disc/experimento_v4/outputs/routes/route_a741eff5dff1.csv
6bd43f6d0f28,545,volta,1991,6,6,6,10493,90,20.000000,250.000000,1.500000,1968,10.067248,0,0,passos_sem_dados,0,42.695130,2042.162284,6004.122179,8.975387,875.407772,0.271817,/Users/pedrorebollo/projetos/traje_disc/experimento_v4/outputs/routes/route_6bd43f6d0f28.csv
6ee739207c3f,545,volta,1991,6,6,6,10493,90,20.000000,250.000000,2.000000,728,9.837619,0,0,passos_sem_dados,0,38.759173,2050.523941,6024.679230,13.689043,544.146679,0.109116,/Users/pedrorebollo/projetos/traje_disc/experimento_v4/outputs/routes/route_6ee739207c3f.csv
3ea85f616c22,545,volta,1991,6,6,6,10493,180,20.000000,250.000000,1.100000,1640,9.659447,0,0,passos_sem_dados,0,42.008958,2043.433010,6002.611253,10.393113,666.598618,0.444000,/Users/pedrorebollo/projetos/traje_disc/experimento_v4/outputs/routes/route_3ea85f616c22.csv
ec80529b286c,545,volta,1991,6,6,6,10493,180,20.000000,250.000000,1.250000,1772,9.637294,0,0,passos_sem_dados,0,41.389498,2043.721066,6001.062732,8.867254,684.535500,0.496999,/Users/pedrorebollo/projetos/traje_disc/experimento_v4/outputs/routes/route_ec80529b286c.csv
176093dca438,545,volta,1991,6,6,6,10493,180,20.000000,250.000000,1.500000,1936,10.011880,0,0,passos_sem_dados,0,42.618889,2043.479009,6003.994090,9.217152,838.213082,0.501835,/Users/pedrorebollo/projetos/traje_disc/experimento_v4/outputs/routes/route_176093dca438.csv
10483494ff34,545,volta,1991,6,6,6,10493,180,20.000000,250.000000,2.000000,828,10.475154,0,0,passos_sem_dados,0,38.921186,2051.703553,6028.459320,13.004421,602.310237,0.236826,/Users/pedrorebollo/projetos/traje_disc/experimento_v4/outputs/routes/route_10483494ff34.csv
891a7cba5974,545,volta,1991,6,6,6,10493,360,20.000000,250.000000,1.100000,1848,9.492560,0,0,passos_sem_dados,0,43.390832,2042.230718,6002.913928,7.837235,783.347045,0.992632,/Users/pedrorebollo/projetos/traje_disc/experimento_v4/outputs/routes/route_891a7cba5974.csv
8cd6a62c95ff,545,volta,1991,6,6,6,10493,360,20.000000,250.000000,1.250000,1864,9.419920,0,0,passos_sem_dados,0,42.904794,2042.554306,6002.977957,7.074094,708.075077,0.969633,/Users/pedrorebollo/projetos/traje_disc/experimento_v4/outputs/routes/route_8cd6a62c95ff.csv
f2c26e94b042,545,volta,1991,6,6,6,10493,360,20.000000,250.000000,1.500000,1940,9.890521,0,0,passos_sem_dados,0,42.371105,2042.685749,6003.892383,9.512575,878.876957,0.982688,/Users/pedrorebollo/projetos/traje_disc/experimento_v4/outputs/routes/route_f2c26e94b042.csv
b0c8388ae8bb,545,volta,1991,6,6,6,10493,360,20.000000,250.000000,2.000000,1092,9.538320,0,0,passos_sem_dados,0,41.541980,2051.890079,6027.559433,7.533102,721.684949,0.576090,/Users/pedrorebollo/projetos/traje_disc/experimento_v4/outputs/routes/route_b0c8388ae8bb.csv
1ab5bc382292,307,ida,1852,1,1,1,1665,90,5.000000,250.000000,1.100000,96,0.597740,0,0,passos_sem_dados,0,2.582583,6174.286889,11847.746313,61.340507,3600.362784,0.085242,/Users/pedrorebollo/projetos/traje_disc/experimento_v4/outputs/routes/route_1ab5bc382292.csv
b97367b846f5,307,ida,1852,1,1,1,1665,90,5.000000,250.000000,1.250000,104,0.607019,0,0,passos_sem_dados,0,2.342342,6173.701629,11843.078394,59.148947,3841.288871,0.075690,/Users/pedrorebollo/projetos/traje_disc/experimento_v4/outputs/routes/route_b97367b846f5.csv
5ae3c3c90b0d,307,ida,1852,1,1,1,1665,90,5.000000,250.000000,1.500000,92,0.529992,0,0,passos_sem_dados,0,2.102102,6181.062401,11861.074401,61.326462,3596.163211,0.055145,/Users/pedrorebollo/projetos/traje_disc/experimento_v4/outputs/routes/route_5ae3c3c90b0d.csv
a10f13abf03e,307,ida,1852,1,1,1,1665,90,5.000000,250.000000,2.000000,68,0.480415,0,0,passos_sem_dados,0,1.861862,6171.404717,11818.496478,66.387470,3380.031311,0.054590,/Users/pedrorebollo/projetos/traje_disc/experimento_v4/outputs/routes/route_a10f13abf03e.csv
6aa37b964a34,307,ida,1852,1,1,1,1665,180,5.000000,250.000000,1.100000,100,0.646995,0,0,passos_sem_dados,0,1.861862,6172.073283,11843.583705,72.152667,3458.482442,0.122738,/Users/pedrorebollo/projetos/traje_disc/experimento_v4/outputs/routes/route_6aa37b964a34.csv
22b15361d0da,307,ida,1852,1,1,1,1665,180,5.000000,250.000000,1.250000,108,0.601232,0,0,passos_sem_dados,0,2.522523,6178.268807,11851.229111,64.510362,3937.134516,0.108475,/Users/pedrorebollo/projetos/traje_disc/experimento_v4/outputs/routes/route_22b15361d0da.csv
b2ff41be9c24,307,ida,1852,1,1,1,1665,180,5.000000,250.000000,1.500000,84,0.522212,0,0,passos_sem_dados,0,1.561562,6170.057981,11829.986385,61.549501,3850.245199,0.079542,/Users/pedrorebollo/projetos/traje_disc/experimento_v4/outputs/routes/route_b2ff41be9c24.csv
5815d733cc97,307,ida,1852,1,1,1,1665,180,5.000000,250.000000,2.000000,68,0.480742,0,0,passos_sem_dados,0,1.861862,6171.498715,11817.800202,66.879612,3345.370871,0.074263,/Users/pedrorebollo/projetos/traje_disc/experimento_v4/outputs/routes/route_5815d733cc97.csv
deef848b7b06,307,ida,1852,1,1,1,1665,360,5.000000,250.000000,1.100000,100,0.638510,0,0,passos_sem_dados,0,2.102102,6174.601033,11847.781951,71.022336,3489.540957,0.243038,/Users/pedrorebollo/projetos/traje_disc/experimento_v4/outputs/routes/route_deef848b7b06.csv
f0ed7d16e3ba,307,ida,1852,1,1,1,1665,360,5.000000,250.000000,1.250000,92,0.504347,0,0,passos_sem_dados,0,2.342342,6181.523872,11860.159510,54.595787,3998.113250,0.193391,/Users/pedrorebollo/projetos/traje_disc/experimento_v4/outputs/routes/route_f0ed7d16e3ba.csv
85ef5d7867fd,307,ida,1852,1,1,1,1665,360,5.000000,250.000000,1.500000,104,0.771285,0,0,passos_sem_dados,0,2.222222,6179.125063,11851.975887,86.298395,2892.809231,0.164435,/Users/pedrorebollo/projetos/traje_disc/experimento_v4/outputs/routes/route_85ef5d7867fd.csv
e1968a9282a2,307,ida,1852,1,1,1,1665,360,5.000000,250.000000,2.000000,68,0.480982,0,0,passos_sem_dados,0,1.741742,6171.129259,11817.768305,66.632866,3365.994644,0.139890,/Users/pedrorebollo/projetos/traje_disc/experimento_v4/outputs/routes/route_e1968a9282a2.csv
54e159e02eea,307,ida,1852,1,1,1,1665,90,10.000000,250.000000,1.100000,84,0.542959,0,0,passos_sem_dados,0,2.162162,6179.578609,11855.803326,71.992269,3573.072560,0.079638,/Users/pedrorebollo/projetos/traje_disc/experimento_v4/outputs/routes/route_54e159e02eea.csv
55aeb0622316,307,ida,1852,1,1,1,1665,90,10.000000,250.000000,1.250000,96,0.509707,0,0,passos_sem_dados,0,2.522523,6184.160465,11860.532307,77.568659,4433.575700,0.074150,/Users/pedrorebollo/projetos/traje_disc/experimento_v4/outputs/routes/route_55aeb0622316.csv
e1bd927ce69f,307,ida,1852,1,1,1,1665,90,10.000000,250.000000,1.500000,80,0.505572,0,0,passos_sem_dados,0,2.282282,6174.734592,11852.544721,64.333814,3645.247674,0.060288,/Users/pedrorebollo/projetos/traje_disc/experimento_v4/outputs/routes/route_e1bd927ce69f.csv
ef016ad36924,307,ida,1852,1,1,1,1665,90,10.000000,250.000000,2.000000,68,0.501614,0,0,passos_sem_dados,0,1.921922,6169.960775,11818.276146,75.672221,3844.534132,0.058408,/Users/pedrorebollo/projetos/traje_disc/experimento_v4/outputs/routes/route_ef016ad36924.csv
96523f8d6044,307,ida,1852,1,1,1,1665,180,10.000000,250.000000,1.100000,84,0.541513,0,0,passos_sem_dados,0,2.522523,6173.337673,11843.256241,72.400384,3536.522550,0.105164,/Users/pedrorebollo/projetos/traje_disc/experimento_v4/outputs/routes/route_96523f8d6044.csv
86e42b6c6f75,307,ida,1852,1,1,1,1665,180,10.000000,250.000000,1.250000,88,0.553885,0,0,passos_sem_dados,0,2.642643,6178.099369,11857.069480,69.701087,3835.722346,0.095673,/Users/pedrorebollo/projetos/traje_disc/experimento_v4/outputs/routes/route_86e42b6c6f75.csv
f3e863b2ff45,307,ida,1852,1,1,1,1665,180,10.000000,250.000000,1.500000,92,0.549667,0,0,passos_sem_dados,0,2.342342,6177.234613,11847.984809,71.897363,4021.844561,0.084137,/Users/pedrorebollo/projetos/traje_disc/experimento_v4/outputs/routes/route_f3e863b2ff45.csv
9dabfdcd6878,307,ida,1852,1,1,1,1665,180,10.000000,250.000000,2.000000,72,0.547729,0,0,passos_sem_dados,0,1.801802,6174.896260,11836.812611,74.243304,3731.979053,0.075987,/Users/pedrorebollo/projetos/traje_disc/experimento_v4/outputs/routes/route_9dabfdcd6878.csv
c13c4baa9043,307,ida,1852,1,1,1,1665,360,10.000000,250.000000,1.100000,88,1.363237,0,0,passos_sem_dados,0,2.582583,6171.337327,11844.606263,99.660621,1750.552885,0.216566,/Users/pedrorebollo/projetos/traje_disc/experimento_v4/outputs/routes/route_c13c4baa9043.csv
6450a21a0d8c,307,ida,1852,1,1,1,1665,360,10.000000,250.000000,1.250000,92,0.539625,0,0,passos_sem_dados,0,2.702703,6177.994083,11857.058546,69.937383,4203.151151,0.193651,/Users/pedrorebollo/projetos/traje_disc/experimento_v4/outputs/routes/route_6450a21a0d8c.csv
915238795c13,307,ida,1852,1,1,1,1665,360,10.000000,250.000000,1.500000,92,0.553367,0,0,passos_sem_dados,0,2.462462,6175.805882,11846.590309,71.216990,3949.989875,0.159586,/Users/pedrorebollo/projetos/traje_disc/experimento_v4/outputs/routes/route_915238795c13.csv
1d12e702a4be,307,ida,1852,1,1,1,1665,360,10.000000,250.000000,2.000000,72,0.545789,0,0,passos_sem_dados,0,2.042042,6174.595701,11835.859248,73.113801,3769.405705,0.148830,/Users/pedrorebollo/projetos/traje_disc/experimento_v4/outputs/routes/route_1d12e702a4be.csv
8354b8f4fc4b,307,ida,1852,1,1,1,1665,90,20.000000,250.000000,1.100000,64,0.511948,0,0,passos_sem_dados,0,2.282282,6174.471206,11849.498519,84.490487,3090.466020,0.072680,/Users/pedrorebollo/projetos/traje_disc/experimento_v4/outputs/routes/route_8354b8f4fc4b.csv
40cbc9e488f0,307,ida,1852,1,1,1,1665,90,20.000000,250.000000,1.250000,76,1.824962,0,0,passos_sem_dados,0,1.381381,6093.951404,11726.317463,150.278884,1064.396665,0.062719,/Users/pedrorebollo/projetos/traje_disc/experimento_v4/outputs/routes/route_40cbc9e488f0.csv
533b903e1259,307,ida,1852,1,1,1,1665,90,20.000000,250.000000,1.500000,76,0.467969,0,0,passos_sem_dados,0,2.222222,6185.259690,11864.858762,80.685720,4639.966929,0.056764,/Users/pedrorebollo/projetos/traje_disc/experimento_v4/outputs/routes/route_533b903e1259.csv
c8397a6bd8ff,307,ida,1852,1,1,1,1665,90,20.000000,250.000000,2.000000,48,0.711789,0,0,passos_sem_dados,0,1.561562,6177.593772,11859.732506,91.421351,1301.337872,0.047169,/Users/pedrorebollo/projetos/traje_disc/experimento_v4/outputs/routes/route_c8397a6bd8ff.csv
5e36e0095016,307,ida,1852,1,1,1,1665,180,20.000000,250.000000,1.100000,84,1.159570,0,0,passos_sem_dados,0,1.981982,6152.604589,11803.952907,114.239416,1785.806137,0.105730,/Users/pedrorebollo/projetos/traje_disc/experimento_v4/outputs/routes/route_5e36e0095016.csv
e06a4ab6edc4,307,ida,1852,1,1,1,1665,180,20.000000,250.000000,1.250000,104,1.075981,0,0,passos_sem_dados,0,2.342342,6179.262745,11851.964942,115.970369,2873.031732,0.098874,/Users/pedrorebollo/projetos/traje_disc/experimento_v4/outputs/routes/route_e06a4ab6edc4.csv
7232a3bec963,307,ida,1852,1,1,1,1665,180,20.000000,250.000000,1.500000,80,0.511037,0,0,passos_sem_dados,0,2.042042,6185.080462,11864.937278,86.538605,4532.377271,0.076438,/Users/pedrorebollo/projetos/traje_disc/experimento_v4/outputs/routes/route_7232a3bec963.csv
66b33d68b678,307,ida,1852,1,1,1,1665,180,20.000000,250.000000,2.000000,48,0.711789,0,0,passos_sem_dados,0,1.561562,6177.593772,11859.732506,91.421351,1301.337872,0.060053,/Users/pedrorebollo/projetos/traje_disc/experimento_v4/outputs/routes/route_66b33d68b678.csv
224ee6c10e91,307,ida,1852,1,1,1,1665,360,20.000000,250.000000,1.100000,76,0.851157,0,0,passos_sem_dados,0,1.981982,6145.036353,11793.946083,99.455012,2219.985225,0.201328,/Users/pedrorebollo/projetos/traje_disc/experimento_v4/outputs/routes/route_224ee6c10e91.csv
0ea8a5e5c462,307,ida,1852,1,1,1,1665,360,20.000000,250.000000,1.250000,68,0.541223,0,0,passos_sem_dados,0,1.321321,6177.378922,11848.927057,94.223099,3308.019090,0.162260,/Users/pedrorebollo/projetos/traje_disc/experimento_v4/outputs/routes/route_0ea8a5e5c462.csv
5d26a0ec2f38,307,ida,1852,1,1,1,1665,360,20.000000,250.000000,1.500000,76,0.470781,0,0,passos_sem_dados,0,2.162162,6185.046708,11864.522834,82.159470,4610.419066,0.147387,/Users/pedrorebollo/projetos/traje_disc/experimento_v4/outputs/routes/route_5d26a0ec2f38.csv
6789e1d21a96,307,ida,1852,1,1,1,1665,360,20.000000,250.000000,2.000000,76,1.779839,0,0,passos_sem_dados,0,0.960961,6150.847549,11805.750219,155.111392,1143.524532,0.131295,/Users/pedrorebollo/projetos/traje_disc/experimento_v4/outputs/routes/route_6789e1d21a96.csv
9a10ed838664,307,volta,4650,4,4,4,7396,90,5.000000,250.000000,1.100000,7200,17.515370,0,0,passos_sem_dados,0,86.938886,92.256612,1100.682530,12.198554,2681.190106,0.980133,/Users/pedrorebollo/projetos/traje_disc/experimento_v4/outputs/routes/route_9a10ed838664.csv
773c7f28818e,307,volta,4650,4,4,4,7396,90,5.000000,250.000000,1.250000,9264,18.798143,0,0,passos_sem_dados,0,86.222282,82.136590,937.757909,17.007105,3494.877468,1.227553,/Users/pedrorebollo/projetos/traje_disc/experimento_v4/outputs/routes/route_773c7f28818e.csv
5423d5cf2d42,307,volta,4650,4,4,4,7396,90,5.000000,250.000000,1.500000,9396,18.967473,0,0,passos_sem_dados,0,86.100595,90.323799,1044.528485,18.358116,3397.506585,1.215936,/Users/pedrorebollo/projetos/traje_disc/experimento_v4/outputs/routes/route_5423d5cf2d42.csv
8b00fadcc627,307,volta,4650,4,4,4,7396,90,5.000000,250.000000,2.000000,1564,16.282205,0,0,passos_sem_dados,0,78.150352,97.533893,1111.443216,19.719225,455.824536,0.223172,/Users/pedrorebollo/projetos/traje_disc/experimento_v4/outputs/routes/route_8b00fadcc627.csv
5759a34fb356,307,volta,4650,4,4,4,7396,180,5.000000,250.000000,1.100000,7236,18.765939,0,0,passos_sem_dados,0,86.479178,83.677148,950.673556,13.287472,2582.965359,1.920777,/Users/pedrorebollo/projetos/traje_disc/experimento_v4/outputs/routes/route_5759a34fb356.csv
cf88d21ee466,307,volta,4650,4,4,4,7396,180,5.000000,250.000000,1.250000,9316,19.948558,0,0,passos_sem_dados,0,86.911844,81.037676,933.767528,18.764323,3287.925792,2.388631,/Users/pedrorebollo/projetos/traje_disc/experimento_v4/outputs/routes/route_cf88d21ee466.csv
f29ce262d34a,307,volta,4650,4,4,4,7396,180,5.000000,250.000000,1.500000,9408,19.012156,0,0,passos_sem_dados,0,86.208761,81.860210,936.886665,20.849711,3387.306365,2.368938,/Users/pedrorebollo/projetos/traje_disc/experimento_v4/outputs/routes/route_f29ce262d34a.csv
d0ececce8fa3,307,volta,4650,4,4,4,7396,180,5.000000,250.000000,2.000000,1240,15.025372,0,0,passos_sem_dados,0,72.687939,241.764925,1879.269378,18.173208,360.140963,0.360478,/Users/pedrorebollo/projetos/traje_disc/experimento_v4/outputs/routes/route_d0ececce8fa3.csv
dbf368e55e26,307,volta,4650,4,4,4,7396,360,5.000000,250.000000,1.100000,7192,17.372020,0,0,passos_sem_dados,0,86.627907,91.536426,1081.139082,12.331563,2591.570014,3.644841,/Users/pedrorebollo/projetos/traje_disc/experimento_v4/outputs/routes/route_dbf368e55e26.csv
c747b828574f,307,volta,4650,4,4,4,7396,360,5.000000,250.000000,1.250000,9220,19.431730,0,0,passos_sem_dados,0,86.343970,80.762587,902.252491,17.083329,3225.993691,4.538514,/Users/pedrorebollo/projetos/traje_disc/experimento_v4/outputs/routes/route_c747b828574f.csv
865f478c23ba,307,volta,4650,4,4,4,7396,360,5.000000,250.000000,1.500000,9280,18.994354,0,0,passos_sem_dados,0,86.965928,81.194065,934.949764,20.652318,3374.804764,4.461292,/Users/pedrorebollo/projetos/traje_disc/experimento_v4/outputs/routes/route_865f478c23ba.csv
ff3ee08c6898,307,volta,4650,4,4,4,7396,360,5.000000,250.000000,2.000000,1368,16.212813,0,0,passos_sem_dados,0,77.460790,98.440337,1125.987164,25.367749,391.605061,0.690354,/Users/pedrorebollo/projetos/traje_disc/experimento_v4/outputs/routes/route_ff3ee08c6898.csv
3abd31226e5c,307,volta,4650,4,4,4,7396,90,10.000000,250.000000,1.100000,4688,17.237759,0,0,passos_sem_dados,0,86.303407,82.454227,949.941601,14.855637,1317.721171,0.647456,/Users/pedrorebollo/projetos/traje_disc/experimento_v4/outputs/routes/route_3abd31226e5c.csv
73c5f1d40623,307,volta,4650,4,4,4,7396,90,10.000000,250.000000,1.250000,5572,17.487704,0,0,passos_sem_dados,0,86.668469,82.446243,945.003239,20.956683,1689.521332,0.716703,/Users/pedrorebollo/projetos/traje_disc/experimento_v4/outputs/routes/route_73c5f1d40623.csv
5d4d4706f113,307,volta,4650,4,4,4,7396,90,10.000000,250.000000,1.500000,5872,19.509344,0,0,passos_sem_dados,0,87.682531,80.101293,951.862415,27.742899,1650.922706,0.765229,/Users/pedrorebollo/projetos/traje_disc/experimento_v4/outputs/routes/route_5d4d4706f113.csv
40e1f8689f72,307,volta,4650,4,4,4,7396,90,10.000000,250.000000,2.000000,1484,16.854696,0,0,passos_sem_dados,0,76.987561,84.923445,941.844764,23.453402,482.058105,0.212462,/Users/pedrorebollo/projetos/traje_disc/experimento_v4/outputs/routes/route_40e1f8689f72.csv
a9c69d17f115,307,volta,4650,4,4,4,7396,180,10.000000,250.000000,1.100000,4472,16.121443,0,0,passos_sem_dados,0,80.908599,221.618782,1769.141913,15.227876,1370.125189,1.155898,/Users/pedrorebollo/projetos/traje_disc/experimento_v4/outputs/routes/route_a9c69d17f115.csv
d19d53ef65c7,307,volta,4650,4,4,4,7396,180,10.000000,250.000000,1.250000,5504,18.630166,0,0,passos_sem_dados,0,86.925365,80.541953,925.194525,20.245138,1584.643531,1.414461,/Users/pedrorebollo/projetos/traje_disc/experimento_v4/outputs/routes/route_d19d53ef65c7.csv
a5f1e26259dc,307,volta,4650,4,4,4,7396,180,10.000000,250.000000,1.500000,5780,17.675547,0,0,passos_sem_dados,0,87.736614,88.522553,1075.456523,25.321756,1723.666268,1.423506,/Users/pedrorebollo/projetos/traje_disc/experimento_v4/outputs/routes/route_a5f1e26259dc.csv
62ce200a95c1,307,volta,4650,4,4,4,7396,180,10.000000,250.000000,2.000000,1352,16.407970,0,0,passos_sem_dados,0,75.905895,97.581194,1115.411356,23.431348,386.301563,0.349743,/Users/pedrorebollo/projetos/traje_disc/experimento_v4/outputs/routes/route_62ce200a95c1.csv
d50a73f76bb9,307,volta,4650,4,4,4,7396,360,10.000000,250.000000,1.100000,4444,16.162176,0,0,passos_sem_dados,0,80.530016,222.338215,1783.341541,15.081272,1449.527956,2.250949,/Users/pedrorebollo/projetos/traje_disc/experimento_v4/outputs/routes/route_d50a73f76bb9.csv
1fd838fdaa29,307,volta,4650,4,4,4,7396,360,10.000000,250.000000,1.250000,5540,17.706846,0,0,passos_sem_dados,0,86.465657,82.653489,938.481187,20.460631,1584.474464,2.719360,/Users/pedrorebollo/projetos/traje_disc/experimento_v4/outputs/routes/route_1fd838fdaa29.csv
9fe2d891a67a,307,volta,4650,4,4,4,7396,360,10.000000,250.000000,1.500000,5788,20.076569,0,0,passos_sem_dados,0,87.560844,79.676961,934.778119,21.834296,1691.384773,2.839767,/Users/pedrorebollo/projetos/traje_disc/experimento_v4/outputs/routes/route_9fe2d891a67a.csv
1e3b29fd25ea,307,volta,4650,4,4,4,7396,360,10.000000,250.000000,2.000000,1404,16.405767,0,0,passos_sem_dados,0,77.582477,97.282312,1116.700096,31.967621,399.284293,0.701226,/Users/pedrorebollo/projetos/traje_disc/experimento_v4/outputs/routes/route_1e3b29fd25ea.csv
ebd52c6121dd,307,volta,4650,4,4,4,7396,90,20.000000,250.000000,1.100000,2868,17.332385,0,0,passos_sem_dados,0,85.911303,80.883498,946.224396,20.005422,698.139094,0.403837,/Users/pedrorebollo/projetos/traje_disc/experimento_v4/outputs/routes/route_ebd52c6121dd.csv
032417b9c783,307,volta,4650,4,4,4,7396,90,20.000000,250.000000,1.250000,3172,16.926572,0,0,passos_sem_dados,0,87.128177,91.529863,1087.177976,23.528317,745.326083,0.412804,/Users/pedrorebollo/projetos/traje_disc/experimento_v4/outputs/routes/route_032417b9c783.csv
df5fcb3f1167,307,volta,4650,4,4,4,7396,90,20.000000,250.000000,1.500000,3172,16.834490,0,0,passos_sem_dados,0,86.195241,91.670104,1083.408568,28.359752,864.917183,0.404397,/Users/pedrorebollo/projetos/traje_disc/experimento_v4/outputs/routes/route_df5fcb3f1167.csv
4fa0e6a8cb0d,307,volta,4650,4,4,4,7396,90,20.000000,250.000000,2.000000,1320,16.765685,0,0,passos_sem_dados,0,75.608437,97.550611,1117.045501,25.802605,397.587283,0.179912,/Users/pedrorebollo/projetos/traje_disc/experimento_v4/outputs/routes/route_4fa0e6a8cb0d.csv
87415b540b2c,307,volta,4650,4,4,4,7396,180,20.000000,250.000000,1.100000,2848,15.309436,0,0,passos_sem_dados,0,79.908058,226.908949,1792.359554,14.415238,766.579058,0.715718,/Users/pedrorebollo/projetos/traje_disc/experimento_v4/outputs/routes/route_87415b540b2c.csv
2712710f4b2e,307,volta,4650,4,4,4,7396,180,20.000000,250.000000,1.250000,3204,16.740571,0,0,passos_sem_dados,0,86.114116,92.493405,1087.124358,27.508701,791.708102,0.788622,/Users/pedrorebollo/projetos/traje_disc/experimento_v4/outputs/routes/route_2712710f4b2e.csv
aca7847eca69,307,volta,4650,4,4,4,7396,180,20.000000,250.000000,1.500000,3244,17.129783,0,0,passos_sem_dados,0,86.533261,81.974092,934.307329,30.741367,899.805535,0.801311,/Users/pedrorebollo/projetos/traje_disc/experimento_v4/outputs/routes/route_aca7847eca69.csv
294cc48e6683,307,volta,4650,4,4,4,7396,180,20.000000,250.000000,2.000000,1164,15.821350,0,0,passos_sem_dados,0,76.257436,98.927069,1120.956644,25.344898,263.741083,0.300665,/Users/pedrorebollo/projetos/traje_disc/experimento_v4/outputs/routes/route_294cc48e6683.csv
6c912877df9f,307,volta,4650,4,4,4,7396,360,20.000000,250.000000,1.100000,3024,16.876929,0,0,passos_sem_dados,0,86.208761,83.003715,947.390766,19.318939,770.437260,1.520089,/Users/pedrorebollo/projetos/traje_disc/experimento_v4/outputs/routes/route_6c912877df9f.csv
1e1ae7f09c6b,307,volta,4650,4,4,4,7396,360,20.000000,250.000000,1.250000,3240,18.254500,0,0,passos_sem_dados,0,86.979448,82.076535,936.260444,25.723219,859.577318,1.587246,/Users/pedrorebollo/projetos/traje_disc/experimento_v4/outputs/routes/route_1e1ae7f09c6b.csv
d346cf1f16d2,307,volta,4650,4,4,4,7396,360,20.000000,250.000000,1.500000,3204,17.340894,0,0,passos_sem_dados,0,86.465657,91.772105,1083.738551,28.137270,856.813661,1.531172,/Users/pedrorebollo/projetos/traje_disc/experimento_v4/outputs/routes/route_d346cf1f16d2.csv
1a721954f149,307,volta,4650,4,4,4,7396,360,20.000000,250.000000,2.000000,1480,16.245177,0,0,passos_sem_dados,0,81.395349,94.601434,1084.578066,29.327778,419.805403,0.734097,/Users/pedrorebollo/projetos/traje_disc/experimento_v4/outputs/routes/route_1a721954f149.csv
ddd6e5c6bdb5,607,ida,2018,10,10,12,8627,90,5.000000,250.000000,1.100000,7336,27.268776,1,0,chegada_destino,1,71.971717,187.912997,1298.058820,154.189165,1285.382993,0.935530,/Users/pedrorebollo/projetos/traje_disc/experimento_v4/outputs/routes/route_ddd6e5c6bdb5.csv
1417f16d5a71,607,ida,2018,10,10,12,8627,90,5.000000,250.000000,1.250000,9812,27.621925,1,0,chegada_destino,1,71.160311,189.139251,1297.226449,172.234289,1899.393785,1.193477,/Users/pedrorebollo/projetos/traje_disc/experimento_v4/outputs/routes/route_1417f16d5a71.csv
2dae55853ae1,607,ida,2018,10,10,12,8627,90,5.000000,250.000000,1.500000,10352,27.645354,1,0,chegada_destino,1,71.032804,193.304973,1296.988219,159.585410,2084.771777,1.338260,/Users/pedrorebollo/projetos/traje_disc/experimento_v4/outputs/routes/route_2dae55853ae1.csv
d4c7ac36b237,607,ida,2018,10,10,12,8627,90,5.000000,250.000000,2.000000,1504,26.230860,1,0,chegada_destino,1,65.654341,196.698238,1307.525039,139.158127,216.772783,0.208327,/Users/pedrorebollo/projetos/traje_disc/experimento_v4/outputs/routes/route_d4c7ac36b237.csv
03bb6ef5d67d,607,ida,2018,10,10,12,8627,180,5.000000,250.000000,1.100000,7024,27.357344,1,0,chegada_destino,1,71.195085,188.557221,1298.656454,159.275975,1183.964589,1.716420,/Users/pedrorebollo/projetos/traje_disc/experimento_v4/outputs/routes/route_03bb6ef5d67d.csv
5c6ee9f46f42,607,ida,2018,10,10,12,8627,180,5.000000,250.000000,1.250000,9784,27.312725,1,0,chegada_destino,1,69.769329,193.923601,1296.836038,160.367284,1929.173130,2.247511,/Users/pedrorebollo/projetos/traje_disc/experimento_v4/outputs/routes/route_5c6ee9f46f42.csv
759a4087cd05,607,ida,2018,10,10,12,8627,180,5.000000,250.000000,1.500000,10436,27.408536,1,0,chegada_destino,1,70.511186,194.026031,1295.019509,158.228672,2056.793958,2.401309,/Users/pedrorebollo/projetos/traje_disc/experimento_v4/outputs/routes/route_759a4087cd05.csv
296e6022489e,607,ida,2018,10,10,12,8627,180,5.000000,250.000000,2.000000,1540,26.287844,0,0,passos_sem_dados,0,66.871450,193.940539,1310.618775,161.951657,242.330449,0.428905,/Users/pedrorebollo/projetos/traje_disc/experimento_v4/outputs/routes/route_296e6022489e.csv
9cf9be653a3f,607,ida,2018,10,10,12,8627,360,5.000000,250.000000,1.100000,7144,27.348236,1,0,chegada_destino,1,71.705112,188.052038,1297.982677,159.336106,1194.519737,3.362973,/Users/pedrorebollo/projetos/traje_disc/experimento_v4/outputs/routes/route_9cf9be653a3f.csv
62349250fb76,607,ida,2018,10,10,12,8627,360,5.000000,250.000000,1.250000,10008,27.562498,1,0,chegada_destino,1,70.360496,190.257793,1296.694869,176.253161,1942.082101,4.375077,/Users/pedrorebollo/projetos/traje_disc/experimento_v4/outputs/routes/route_62349250fb76.csv
fd55df6bf0b1,607,ida,2018,10,10,12,8627,360,5.000000,250.000000,1.500000,10556,27.769553,1,0,chegada_destino,1,71.763069,191.622948,1297.068045,153.206820,2031.980976,4.630555,/Users/pedrorebollo/projetos/traje_disc/experimento_v4/outputs/routes/route_fd55df6bf0b1.csv
b81be62ffbf2,607,ida,2018,10,10,12,8627,360,5.000000,250.000000,2.000000,1380,26.197241,1,0,chegada_destino,1,65.063174,196.678395,1313.942913,154.513851,166.575693,0.695756,/Users/pedrorebollo/projetos/traje_disc/experimento_v4/outputs/routes/route_b81be62ffbf2.csv
fa1cdbea0366,607,ida,2018,10,10,12,8627,90,10.000000,250.000000,1.100000,5832,26.757180,1,0,chegada_destino,1,70.777791,193.706885,1296.306478,177.109361,795.426036,0.708510,/Users/pedrorebollo/projetos/traje_disc/experimento_v4/outputs/routes/route_fa1cdbea0366.csv
fe74def9f5d5,607,ida,2018,10,10,12,8627,90,10.000000,250.000000,1.250000,7160,27.278035,1,0,chegada_destino,1,71.623971,188.856507,1296.995829,209.841754,1127.532613,0.872321,/Users/pedrorebollo/projetos/traje_disc/experimento_v4/outputs/routes/route_fe74def9f5d5.csv
4377ca7221d5,607,ida,2018,10,10,12,8627,90,10.000000,250.000000,1.500000,7484,27.428222,1,0,chegada_destino,1,72.539701,188.628664,1298.539473,207.173122,1208.265518,0.903448,/Users/pedrorebollo/projetos/traje_disc/experimento_v4/outputs/routes/route_4377ca7221d5.csv
a60c036a3fd8,607,ida,2018,10,10,12,8627,90,10.000000,250.000000,2.000000,1452,26.185805,1,0,chegada_destino,1,62.478266,198.644211,1320.065995,109.749899,216.987929,0.212751,/Users/pedrorebollo/projetos/traje_disc/experimento_v4/outputs/routes/route_a60c036a3fd8.csv
2f11c46e8491,607,ida,2018,10,10,12,8627,180,10.000000,250.000000,1.100000,5772,26.752325,1,0,chegada_destino,1,70.650284,193.880157,1296.141839,181.169727,808.316323,1.312345,/Users/pedrorebollo/projetos/traje_disc/experimento_v4/outputs/routes/route_2f11c46e8491.csv
af7cc1d498b9,607,ida,2018,10,10,12,8627,180,10.000000,250.000000,1.250000,7132,27.162011,1,0,chegada_destino,1,72.110815,192.108822,1296.163331,196.512505,1064.659376,1.617422,/Users/pedrorebollo/projetos/traje_disc/experimento_v4/outputs/routes/route_af7cc1d498b9.csv
505e46b9d547,607,ida,2018,10,10,12,8627,180,10.000000,250.000000,1.500000,7396,27.166470,1,0,chegada_destino,1,71.716703,193.090847,1297.974310,198.012926,1127.179775,1.676348,/Users/pedrorebollo/projetos/traje_disc/experimento_v4/outputs/routes/route_505e46b9d547.csv
bedf69f1971a,607,ida,2018,10,10,12,8627,180,10.000000,250.000000,2.000000,1484,26.316128,0,0,passos_sem_dados,0,64.727020,196.996242,1306.150396,141.933001,201.881587,0.391159,/Users/pedrorebollo/projetos/traje_disc/experimento_v4/outputs/routes/route_bedf69f1971a.csv
80e9c6077dcf,607,ida,2018,10,10,12,8627,360,10.000000,250.000000,1.100000,5800,27.119771,1,0,chegada_destino,1,70.951663,193.144555,1296.677269,185.518993,847.190836,2.603088,/Users/pedrorebollo/projetos/traje_disc/experimento_v4/outputs/routes/route_80e9c6077dcf.csv
8d120c741ac9,607,ida,2018,10,10,12,8627,360,10.000000,250.000000,1.250000,7120,27.195116,1,0,chegada_destino,1,70.847340,192.415814,1296.760694,198.453284,1070.015258,3.172501,/Users/pedrorebollo/projetos/traje_disc/experimento_v4/outputs/routes/route_8d120c741ac9.csv
acda4ac4e721,607,ida,2018,10,10,12,8627,360,10.000000,250.000000,1.500000,7308,26.948821,1,0,chegada_destino,1,71.241451,194.565648,1297.082281,202.805400,1144.758967,3.290754,/Users/pedrorebollo/projetos/traje_disc/experimento_v4/outputs/routes/route_acda4ac4e721.csv
e22d9c00d23f,607,ida,2018,10,10,12,8627,360,10.000000,250.000000,2.000000,1388,26.036228,0,0,passos_sem_dados,0,62.675322,199.207207,1309.467683,191.989098,179.128670,0.721129,/Users/pedrorebollo/projetos/traje_disc/experimento_v4/outputs/routes/route_e22d9c00d23f.csv
2a3d7ecc9f79,607,ida,2018,10,10,12,8627,90,20.000000,250.000000,1.100000,4068,26.866128,1,0,chegada_destino,1,68.865191,193.833874,1299.380719,231.960821,465.446288,0.507811,/Users/pedrorebollo/projetos/traje_disc/experimento_v4/outputs/routes/route_2a3d7ecc9f79.csv
49407d87c893,607,ida,2018,10,10,12,8627,90,20.000000,250.000000,1.250000,4656,27.181940,1,0,chegada_destino,1,72.226730,190.922880,1295.970338,238.367755,579.686871,0.564749,/Users/pedrorebollo/projetos/traje_disc/experimento_v4/outputs/routes/route_49407d87c893.csv
9518f7bda745,607,ida,2018,10,10,12,8627,90,20.000000,250.000000,1.500000,4688,27.153127,1,0,chegada_destino,1,72.018083,191.717980,1299.579562,245.828814,577.670233,0.588719,/Users/pedrorebollo/projetos/traje_disc/experimento_v4/outputs/routes/route_9518f7bda745.csv
9ab4728e52be,607,ida,2018,10,10,12,8627,90,20.000000,250.000000,2.000000,1468,26.186147,1,0,chegada_destino,1,65.654341,196.865621,1307.997273,141.842092,186.496881,0.212912,/Users/pedrorebollo/projetos/traje_disc/experimento_v4/outputs/routes/route_9ab4728e52be.csv
10830ba792e8,607,ida,2018,10,10,12,8627,180,20.000000,250.000000,1.100000,4116,26.706371,1,0,chegada_destino,1,68.760867,193.704865,1298.818577,232.939079,460.498930,0.959229,/Users/pedrorebollo/projetos/traje_disc/experimento_v4/outputs/routes/route_10830ba792e8.csv
5e8138f4b751,607,ida,2018,10,10,12,8627,180,20.000000,250.000000,1.250000,4584,27.066257,1,0,chegada_destino,1,70.696650,192.566692,1296.879920,240.818634,574.484073,1.039625,/Users/pedrorebollo/projetos/traje_disc/experimento_v4/outputs/routes/route_5e8138f4b751.csv
68cd7ebbfcbe,607,ida,2018,10,10,12,8627,180,20.000000,250.000000,1.500000,4720,27.420306,1,0,chegada_destino,1,72.400603,190.408552,1299.824068,239.463486,609.850522,1.078259,/Users/pedrorebollo/projetos/traje_disc/experimento_v4/outputs/routes/route_68cd7ebbfcbe.csv
18b389d14b23,607,ida,2018,10,10,12,8627,180,20.000000,250.000000,2.000000,1464,26.132523,0,0,passos_sem_dados,0,65.712299,198.080848,1310.453474,149.085682,196.760798,0.376965,/Users/pedrorebollo/projetos/traje_disc/experimento_v4/outputs/routes/route_18b389d14b23.csv
8c7f554b71e2,607,ida,2018,10,10,12,8627,360,20.000000,250.000000,1.100000,4128,26.736473,1,0,chegada_destino,1,68.969514,193.602372,1298.848258,229.105036,497.743275,1.848807,/Users/pedrorebollo/projetos/traje_disc/experimento_v4/outputs/routes/route_8c7f554b71e2.csv
bcdfc5b7e6ab,607,ida,2018,10,10,12,8627,360,20.000000,250.000000,1.250000,4576,26.853026,1,0,chegada_destino,1,69.607048,194.503271,1296.567653,245.781195,547.409340,1.997658,/Users/pedrorebollo/projetos/traje_disc/experimento_v4/outputs/routes/route_bcdfc5b7e6ab.csv
98eb12698d30,607,ida,2018,10,10,12,8627,360,20.000000,250.000000,1.500000,4604,27.000112,1,0,chegada_destino,1,71.623971,192.849510,1299.689995,247.219204,586.544055,2.025902,/Users/pedrorebollo/projetos/traje_disc/experimento_v4/outputs/routes/route_98eb12698d30.csv
2c5176a7333d,607,ida,2018,10,10,12,8627,360,20.000000,250.000000,2.000000,1408,26.274801,1,0,chegada_destino,1,65.097948,193.537676,1314.017289,170.650622,212.556346,0.724902,/Users/pedrorebollo/projetos/traje_disc/experimento_v4/outputs/routes/route_2c5176a7333d.csv
96547e96ff48,607,volta,2019,1,1,1,1717,90,5.000000,250.000000,1.100000,120,1.473368,0,0,passos_sem_dados,0,3.843914,9805.399609,19036.955287,2.767601,130.200830,0.016784,/Users/pedrorebollo/projetos/traje_disc/experimento_v4/outputs/routes/route_96547e96ff48.csv
b4c7cb3bd901,607,volta,2019,1,1,1,1717,90,5.000000,250.000000,1.250000,132,1.008323,0,0,passos_sem_dados,0,3.552708,10233.585995,19501.734863,2.898873,223.677850,0.018953,/Users/pedrorebollo/projetos/traje_disc/experimento_v4/outputs/routes/route_b4c7cb3bd901.csv
cffc6645655d,607,volta,2019,1,1,1,1717,90,5.000000,250.000000,1.500000,1532,25.765596,1,0,chegada_destino,1,66.394875,36.504963,203.013695,16.421998,216.283537,0.331646,/Users/pedrorebollo/projetos/traje_disc/experimento_v4/outputs/routes/route_cffc6645655d.csv
bae72079e316,607,volta,2019,1,1,1,1717,90,5.000000,250.000000,2.000000,236,13.375444,0,0,passos_sem_dados,0,23.704135,2408.300851,9047.562653,38.732489,96.207422,0.081284,/Users/pedrorebollo/projetos/traje_disc/experimento_v4/outputs/routes/route_bae72079e316.csv
ebb45be980a7,607,volta,2019,1,1,1,1717,180,5.000000,250.000000,1.100000,120,1.473263,0,0,passos_sem_dados,0,3.843914,9805.277962,19036.957146,2.268575,128.854584,0.031329,/Users/pedrorebollo/projetos/traje_disc/experimento_v4/outputs/routes/route_ebb45be980a7.csv
d24ca0f30606,607,volta,2019,1,1,1,1717,180,5.000000,250.000000,1.250000,128,1.008598,0,0,passos_sem_dados,0,3.552708,10234.093818,19502.117155,2.611773,199.901036,0.036078,/Users/pedrorebollo/projetos/traje_disc/experimento_v4/outputs/routes/route_d24ca0f30606.csv
5eadac44c532,607,volta,2019,1,1,1,1717,180,5.000000,250.000000,1.500000,1532,25.765596,1,0,chegada_destino,1,66.394875,36.504963,203.013695,16.421998,216.283537,0.347433,/Users/pedrorebollo/projetos/traje_disc/experimento_v4/outputs/routes/route_5eadac44c532.csv
88f7a1c5be84,607,volta,2019,1,1,1,1717,180,5.000000,250.000000,2.000000,236,13.375444,0,0,passos_sem_dados,0,23.704135,2408.300851,9047.562653,38.732489,96.207422,0.089532,/Users/pedrorebollo/projetos/traje_disc/experimento_v4/outputs/routes/route_88f7a1c5be84.csv
96c9fcd6fa06,607,volta,2019,1,1,1,1717,360,5.000000,250.000000,1.100000,120,1.476878,0,0,passos_sem_dados,0,3.902155,9803.158671,19034.684393,1.903051,130.719376,0.060477,/Users/pedrorebollo/projetos/traje_disc/experimento_v4/outputs/routes/route_96c9fcd6fa06.csv
7c06e36a8e7c,607,volta,2019,1,1,1,1717,360,5.000000,250.000000,1.250000,128,1.008536,0,0,passos_sem_dados,0,3.552708,10233.927466,19502.086610,2.601289,199.250598,0.069189,/Users/pedrorebollo/projetos/traje_disc/experimento_v4/outputs/routes/route_7c06e36a8e7c.csv
d0017e65bcc5,607,volta,2019,1,1,1,1717,360,5.000000,250.000000,1.500000,1696,26.014356,1,0,chegada_destino,1,75.014560,33.107239,203.130953,16.304167,204.523360,0.716924,/Users/pedrorebollo/projetos/traje_disc/experimento_v4/outputs/routes/route_d0017e65bcc5.csv
9298f823ebdd,607,volta,2019,1,1,1,1717,360,5.000000,250.000000,2.000000,224,13.092162,0,0,passos_sem_dados,0,23.238206,2456.249751,9094.015275,40.064528,91.903895,0.150269,/Users/pedrorebollo/projetos/traje_disc/experimento_v4/outputs/routes/route_9298f823ebdd.csv
ccdb1426ab03,607,volta,2019,1,1,1,1717,90,10.000000,250.000000,1.100000,2012,25.662394,1,0,chegada_destino,1,69.073966,35.396295,202.453762,12.438961,242.005172,0.429517,/Users/pedrorebollo/projetos/traje_disc/experimento_v4/outputs/routes/route_ccdb1426ab03.csv
6a98a01a5e6a,607,volta,2019,1,1,1,1717,90,10.000000,250.000000,1.250000,128,1.449463,0,0,passos_sem_dados,0,3.843914,9821.414424,19054.305199,2.498863,156.352358,0.014831,/Users/pedrorebollo/projetos/traje_disc/experimento_v4/outputs/routes/route_6a98a01a5e6a.csv
afbd6a5bc279,607,volta,2019,1,1,1,1717,90,10.000000,250.000000,1.500000,132,1.456432,0,0,passos_sem_dados,0,3.843914,9814.589214,19048.198411,2.690765,206.360699,0.014839,/Users/pedrorebollo/projetos/traje_disc/experimento_v4/outputs/routes/route_afbd6a5bc279.csv
8551dd8b8a04,607,volta,2019,1,1,1,1717,90,10.000000,250.000000,2.000000,208,13.044378,0,0,passos_sem_dados,0,18.870122,2441.368199,9049.025041,53.191841,75.450554,0.067327,/Users/pedrorebollo/projetos/traje_disc/experimento_v4/outputs/routes/route_8551dd8b8a04.csv
34fb2708797f,607,volta,2019,1,1,1,1717,180,10.000000,250.000000,1.100000,2012,25.662394,1,0,chegada_destino,1,69.073966,35.396295,202.453762,12.438961,242.005172,0.437637,/Users/pedrorebollo/projetos/traje_disc/experimento_v4/outputs/routes/route_34fb2708797f.csv
4145e5fa7ce0,607,volta,2019,1,1,1,1717,180,10.000000,250.000000,1.250000,128,1.449261,0,0,passos_sem_dados,0,3.843914,9820.514939,19054.187467,2.195281,140.436024,0.027376,/Users/pedrorebollo/projetos/traje_disc/experimento_v4/outputs/routes/route_4145e5fa7ce0.csv
fd96db2f849f,607,volta,2019,1,1,1,1717,180,10.000000,250.000000,1.500000,132,1.457179,0,0,passos_sem_dados,0,3.843914,9814.762926,19047.448435,2.242911,215.014822,0.027040,/Users/pedrorebollo/projetos/traje_disc/experimento_v4/outputs/routes/route_fd96db2f849f.csv
6b1a588dfc02,607,volta,2019,1,1,1,1717,180,10.000000,250.000000,2.000000,208,13.044378,0,0,passos_sem_dados,0,18.870122,2441.368199,9049.025041,53.191841,75.450554,0.078505,/Users/pedrorebollo/projetos/traje_disc/experimento_v4/outputs/routes/route_6b1a588dfc02.csv
a51c95fec5aa,607,volta,2019,1,1,1,1717,360,10.000000,250.000000,1.100000,2024,25.637973,1,0,chegada_destino,1,70.238789,34.936555,203.277102,11.753977,191.884111,0.870222,/Users/pedrorebollo/projetos/traje_disc/experimento_v4/outputs/routes/route_a51c95fec5aa.csv
840d2f3ddf30,607,volta,2019,1,1,1,1717,360,10.000000,250.000000,1.250000,128,1.449577,0,0,passos_sem_dados,0,3.843914,9820.644135,19053.912975,2.144213,142.703832,0.052594,/Users/pedrorebollo/projetos/traje_disc/experimento_v4/outputs/routes/route_840d2f3ddf30.csv
8a1402ab9889,607,volta,2019,1,1,1,1717,360,10.000000,250.000000,1.500000,132,1.457356,0,0,passos_sem_dados,0,3.843914,9814.898362,19047.463870,2.137349,209.298065,0.052239,/Users/pedrorebollo/projetos/traje_disc/experimento_v4/outputs/routes/route_8a1402ab9889.csv
521beddd09fb,607,volta,2019,1,1,1,1717,360,10.000000,250.000000,2.000000,216,13.220229,0,0,passos_sem_dados,0,24.344787,2432.931072,9049.838692,48.928593,79.275666,0.156614,/Users/pedrorebollo/projetos/traje_disc/experimento_v4/outputs/routes/route_521beddd09fb.csv
b51c8507427b,607,volta,2019,1,1,1,1717,90,20.000000,250.000000,1.100000,1492,25.370103,1,0,chegada_destino,1,66.336634,41.337150,246.906966,18.934803,160.337279,0.332835,/Users/pedrorebollo/projetos/traje_disc/experimento_v4/outputs/routes/route_b51c8507427b.csv
bd1835b9a6c7,607,volta,2019,1,1,1,1717,90,20.000000,250.000000,1.250000,1584,25.626426,1,0,chegada_destino,1,69.481654,35.835269,204.390157,16.683749,171.133993,0.348930,/Users/pedrorebollo/projetos/traje_disc/experimento_v4/outputs/routes/route_bd1835b9a6c7.csv
fd8cd2db912e,607,volta,2019,1,1,1,1717,90,20.000000,250.000000,1.500000,2564,25.754471,1,0,chegada_destino,1,73.675015,34.128531,217.235370,12.160545,270.466364,0.255081,/Users/pedrorebollo/projetos/traje_disc/experimento_v4/outputs/routes/route_fd8cd2db912e.csv
544c99736c94,607,volta,2019,1,1,1,1717,90,20.000000,250.000000,2.000000,228,13.405148,0,0,passos_sem_dados,0,23.005242,2408.790782,9047.292284,42.495935,101.861207,0.081378,/Users/pedrorebollo/projetos/traje_disc/experimento_v4/outputs/routes/route_544c99736c94.csv
2eb9f1193cd0,607,volta,2019,1,1,1,1717,180,20.000000,250.000000,1.100000,1492,25.370103,1,0,chegada_destino,1,66.336634,41.337150,246.906966,18.934803,160.337279,0.352886,/Users/pedrorebollo/projetos/traje_disc/experimento_v4/outputs/routes/route_2eb9f1193cd0.csv
00eb73ed9a5d,607,volta,2019,1,1,1,1717,180,20.000000,250.000000,1.250000,1584,25.626426,1,0,chegada_destino,1,69.481654,35.835269,204.390157,16.683749,171.133993,0.368771,/Users/pedrorebollo/projetos/traje_disc/experimento_v4/outputs/routes/route_00eb73ed9a5d.csv
2a8ebb0e1a92,607,volta,2019,1,1,1,1717,180,20.000000,250.000000,1.500000,2488,25.689672,1,0,chegada_destino,1,74.548631,33.766754,210.342185,11.682568,240.020188,0.487748,/Users/pedrorebollo/projetos/traje_disc/experimento_v4/outputs/routes/route_2a8ebb0e1a92.csv
ff4679ecb1fa,607,volta,2019,1,1,1,1717,180,20.000000,250.000000,2.000000,228,13.405148,0,0,passos_sem_dados,0,23.005242,2408.790782,9047.292284,42.495935,101.861207,0.093295,/Users/pedrorebollo/projetos/traje_disc/experimento_v4/outputs/routes/route_ff4679ecb1fa.csv
e6a4d8e90226,607,volta,2019,1,1,1,1717,360,20.000000,250.000000,1.100000,1508,25.434652,1,0,chegada_destino,1,67.909144,36.792786,203.727363,14.472760,143.330143,0.707097,/Users/pedrorebollo/projetos/traje_disc/experimento_v4/outputs/routes/route_e6a4d8e90226.csv
6c4eb71fbce1,607,volta,2019,1,1,1,1717,360,20.000000,250.000000,1.250000,1592,25.570831,1,0,chegada_destino,1,67.559697,36.343734,202.559377,15.822220,181.453617,0.713620,/Users/pedrorebollo/projetos/traje_disc/experimento_v4/outputs/routes/route_6c4eb71fbce1.csv
41d56dbd8477,607,volta,2019,1,1,1,1717,360,20.000000,250.000000,1.500000,2532,25.751706,1,0,chegada_destino,1,74.548631,33.762729,210.049752,11.092427,242.617711,0.976266,/Users/pedrorebollo/projetos/traje_disc/experimento_v4/outputs/routes/route_41d56dbd8477.csv
ac8c088d5662,607,volta,2019,1,1,1,1717,360,20.000000,250.000000,2.000000,212,13.098888,0,0,passos_sem_dados,0,22.131625,2435.026590,9050.589689,40.696636,82.215700,0.155238,/Users/pedrorebollo/projetos/traje_disc/experimento_v4/outputs/routes/route_ac8c088d5662.csv
